1,14gdTPuqDEaZn5BHwqiuTzgzGRkTAmzNdH,0.0984
2,1HAAkvofMBEzLcyBdkcoeeV88xwNUwohLu,0.2778
3,1HU7HCJgucJ31234GzUXGdaqwVyew2Q4L7,0.0899
4,1GC5iCpCxF7SCSNpfUB9YrNGDichQNLVgF,0.2944
5,1GD3Su52YrYC4oz9HU3XVunHfWeeZQ9YcE,0.2804
6,1kN9aWrLhPv9VZq7ACcGyZNxk9EqLMz3df,0.2393
7,1Wm2XS4xjsCScDtmMgH4ndcSe24p8QYLNF,0.2067
8,1K3fnoNncx9awikZP8dEaFnTQoTRUgVDHw,0.3198
9,1Bp4Vp2YyjBirPbwZCDcXn1TQAwmyd4Rbu,0.3249
10,1PdBGzJf3U1yB9xwHPHEv1NXUkPCUxRTfW,0.2693
11,1DpNATFL7UBnAkQPLVw7KTw2Z4hVRQhJwC,0.2103
12,1BbA5sWgZxzYrGtV3c94xR8TM7rJ6ExezU,0.1552
13,1E6Y9YNt7XL56EjZ1T9icxRC6EcaTyKFGy,0.1459
14,1GFePBGhSo9yBTWsjUTsV6xjs4gG2Wsnv5,0.3191
15,1GJ4g1whkSs7PCJUzLZVosuyd4aAPF8yBv,0.0488
16,1DXYwNesxvXTuVAGoXZxGGXQKy1Q5ji6KT,0.2357
17,1LkwWMpM61q4QjZ2N3kgc3JxKQ9c1Y19qm,0.0493
18,1JsToZgjbJiMmJ1U1usSwGQsE8zHwZt4ap,0.3027
19,1NrwmD9y2DdoVm7fEfVxzC8Z2FfRvptJrX,0.1665
20,1Q9pKYjtx9gG99B9FpejRiabzdtUxCe7L4,0.1951
21,1A6zvr9dbEMkGWEXV8v7CSySQviYbrdyYB,0.1487
22,1CRNgVrjaRDBqvm7P91e99HBQ9ceLzEEW9,0.1863
23,1RpdWdBvAxWWwe8tHm4wXU5dSR7Bumxijp,0.0552
24,1Eqh8v9NZG3t6wnE7JKq9afJEdiU2RtrQb,0.0426
25,1Eh8LZQxKsKEMKG3o5KQMDBeNQ6mfYS1tw,0.1662
26,1Hhv4Hy3oSmg6jq7e7Kjp6pvckonYZm2P4,0.2217
27,1GtCCb8A9ZqRwLcJ5aGicYDmt86i68XuBu,0.2567
28,1QbJ3y5tfDzwzVnTyJ11FLSPAPtCUpNpx8,0.0839
29,1AToLUhRYGY55kttc5hzNDvYtJ1heKmkK8,0.2286
30,1FtHxTSSWc2FzYSUjXhqYYKpxiZbkchj2r,0.0952
31,1AD9zv2GVeAaqrhtzAQUjVhxMeTRkk7Jv4,0.0717
32,1FjraXGivcVwxMPvKHehEGPt5mBJPcdz7X,0.1522
33,1AZw9X5ydxSEABjmtws55uXdRqmy34oSTU,0.3178
34,1DcTJWVD8t8VaVcQzACrskr45Qhq74V9JM,0.1741
35,1HzQwKT5Pei45oTWHPKwKApKZQibfVMtPY,0.0323
36,1DkjrF7P9Ab59SYDpHjLyNyaBUcoN46LuR,0.1227
37,1Q1sruNeLE1ZrbnFcQ8eGHBxzrJpr8GrgP,0.2167
38,1H3SNgubQDzEDmkhx7mdRFRny9gYwEGXKQ,0.2063
39,1FjTBwFNuSj94M3qoDZ4bF1YpUv5SksjyV,0.1275
40,1Bhbd4cT4jKRMbMJjCrm6FcbfW9VrLQQBN,0.2716
41,1JZ1L1Re3T2RVTtABYk6D8ML57UbosNE8o,0.1077
42,1Bqi6Bj4b6h8JcAbvw3KZagRJ2dSx9w3By,0.2491
43,1KijX3DV3u13NQVD6Pj6x2CHpzqDpHUXeB,0.2822
44,1MmUzDUELMZ7CLTZU3bV29K2J1eqbxE3Em,0.0676
45,1L7YvD5Gw3U22bzAZ2fs6aDxuz9bBwjqx9,0.1688
46,1CETt2DsmzvcQz2RTztsG4bv7vMZrb3GxR,0.2378
47,1JpLkMGsCq7ykJxs6Y2ESmjbdT62rdeBEr,0.2691
48,1BYoYm6oQHz6KgLjKv88X41MQe1XiyBfD1,0.2762
49,1MmYHW4CYAgy11W9BgPJzV2YzGhRX7BhUx,0.2146
50,1C4PMe2RJ3cBxGjuW8LUPjfn1gN8CMGkDc,0.2715
51,1LKqv5GpDNdLTPd2dkBQwLS3qRAZ2HRx7s,0.0666
52,1Cgk6EhFCgVW1idj9sXQzquk9uyU1dYPwY,0.3075
53,1CZJHHo1m9TDK4D7VkCP5b4yjchQsH1VxV,0.3035
54,1BA1uGN1xqQQq2Tmw5Ezj4edC69WMc5CBj,0.2863
55,1P2vLnK3k9L8HZbs2ArUGdzx67XQb7rqz6,0.0786
56,1LBATNxrK4CGzUWs9vUwZ9QtWfZBk5pqEn,0.1588
57,1H3NQAbQfLc4zGSyHJ6bw7nS35afN4TKRk,0.1649
58,1Mjj6sDkf9urPb9W6sE6bgKUKnN59PzJno,0.0341
59,1GajbEpLNVtKhaVhJ8skdM5wyyLWAPz5q2,0.0459
60,1DsQF2jKGq34L7PNehcx4vsYpjsdFxy2Qn,0.1860
61,1J98QoYtK33DDs32o7EfLsBZqqNp7MfYiD,0.2305
62,1ArreXNSPYsLzNQAPPrmXQeTcLPSNQDBFV,0.1527
63,1Qq8U7tPzW38fR1U6DnT5MEWGmhoE6mJg1,0.1038
64,1JFJU32U2Awhm9REjAgt92LmDRLdERGMai,0.0421
65,1EGK6nGtrfWUpnt9kjz4LmZykxEX3uWfQL,0.1001
66,1HSne7Dd8nwmZLbLyrpjDc7dDbXTwHugKC,0.1913
67,1GyDq24F9DRMvZMCvTAEkT8HAKTAbxkkak,0.1603
68,1Kp1VzrpJxrwzLd9QYRXETKgSkiPBJCrft,0.0912
69,1K3TT1W8KSnZb4oAcJzALmS6P2NbZZjw53,0.0291
70,1GSXvYp3NcMbc28D58raCwvqzg6FAdQoRe,0.1584
71,1J11kfnFb5M8vzvSNXZohL5xMmcwSwPzQG,0.1073
72,1Q3NVyfG6Yg8d8QNBaFY5rTp3vbsUQZksR,0.3024
73,1LH9Cg8R3bpr3w4ZFcDQJefEZLukYvDDms,0.1872
74,1Hxco7BrPGTe9jY47t77yjovqkdkD3K3jv,0.1419
75,1DVzToRogv6PXy6ngwHjF79BfDmnEsJz7x,0.1160
76,1C6zcSwjKmKBF33N1gSuVjUjGnBmKjZLrK,0.2278
77,1PvY9xJiE3bNskGtwbLH2h3Z9LK1W16tug,0.0957
78,1M5ehhe8Dsgn8Wy2To8YGZJhZ1htYTB4nT,0.2583
79,1KKSTCCf22SwgmabzYshWbSGNzDAkUaykM,0.3070
80,1LvZBfyFP1nC2NrAqTPKp5o6m8i79K51SN,0.1679
81,1WxHH2w9zfyZUMHXFcXfKfnrPjLrK6t1VU,0.0369
82,1PWQzrPvWMGrzhqq1m8i79K51SNBfyFP1n,0.2805
83,1BSeky1g66rpWvtRbn1MgsA7eE7DLsBTZQ,0.2691
84,1P1xQWt3JXgscU98HqjujAfoP96rxEht7j,0.1076
85,1PdBBtXKk3edArytciM6E1eZEsuHdoY5bL,0.2387
86,1E6Y9YNt7XL56EjZ1T8icxRC6EcaTyKFGy,0.1129
87,1A7FxBVQ5tj6oJ31SwVhHKRaTrKx1bqyHz,0.0348
88,1LM9nweQxdG8H9tQseEjU9iQW2pyDzEF3N,0.1048
89,1Wm2XS4xjsCScDtnMgH4ndcSe24p8QYLNF,0.0397
90,1Bf5bt9Zi4jW4dnfAFuEmXj38KHebM2TDD,0.2670
91,1KbXVb9BbYmkunvLMSzSXpxATF9nC3XN8v,0.1190
92,1LmUUnAPuRzN5ZwZz1cR4cbis1k5XTjT5e,0.1800
93,1H3SNgubQDzEDmkhx7ndRFRny9gYwEGXKQ,0.0559
94,1GsFQbQXpgjM3fg2g2jUdytkcynvwGmyUe,0.1125
95,1CZwZ5DPG2vrgr6ixc2Sudze6jm7vpWWhc,0.3251
96,1BT3VgTHm2yP3W7NqYtufwFvZENqVJiabT,0.2810
97,1DcTJWVD8t8VaVmQzACrskr45Qhq74V9JM,0.2512
98,1FZ3kuvJKiRkvcvRnVTCXCVmbVRgq2CA3R,0.0628
99,1C6PftsgCJzULoNB1hbk4PcRYkjHkGuzCv,0.2658
100,1LmhY5pWhxR48QVjBojQ8dH6a5Xdu7qKfL,0.0335
,,
101,1MphH5syvTXWzofPnSd1RLmgzBVkmVhGrt,0.2203
102,1CzNcDEf2a5Hh6K3sXuZQVYwTIGzgVclvi,0.1931
103,1xvUVLVcUzL6aKGxOTZCFhjkGoaS9kXiqU,0.1176
104,1Y8V5Ks7glIaz3igTOUJ3E24ujys6lx2Ly,0.0718
105,1GFezusGYqmqfKU6mkOkUKR8E3Xsb8BzrF,0.2519
106,1KANQKmXiRkAeVuYrNIZXJAnVqsqIg4OcN,0.2107
107,1lMlUzxOobPdEwkt1y9zZMBedAt7h1Bimz,0.2884
108,1kzM4sKXgUVX5AGrgUb6EzypIIsjOFQgNC,0.3122
109,1NpZpKgOkLqz0hftjQuwfJ2D7eP5HVD7iL,0.0064
110,1rlrAIdANX1TSZv1K8rjDGK9H0z7JvRTxU,0.0018
111,1Ji8G2PtBujCq48FVWb48KkF2SbNW6XfYZ,0.0783
112,1uWb0be4XMwvtPKHQaRz0dfw9YRc0e9Ihf,0.1084
113,1iK3KFG09oiwi97u0HY4d9VcIsmJiBNx2V,0.2748
114,1x1M4sqRGFgSMheGmiQz11LZ9a1IzmnacY,0.1919
115,1d4ncR7J54UK1KiAeZJrVfb1nrT8Om22P1,0.2006
116,1itZxCSoEmf7hzQROvzTYIJ2Aivz95GNSC,0.2494
117,1ZhtJGAFofM77DnSBiVrJItxurVOTCkgOw,0.2078
118,1d3ic4NLGmu30itOCG0lzZP1eJ7B4iflq0,0.1129
119,1TNn6y0iRKZ0Yw6hBt7WHWweAB45L1cRI7,0.1582
120,1bTu4gv0aQbB27Khb1DLFPDqjQxuXblBkj,0.0742
121,1wW9FRK7FmkgRRd6zRZDzyzyNMRlm1gFIl,0.1749
122,1HlXtGo00uN8zALGivutDMvXzpx5agGf0T,0.0063
123,1ybzq1K3rJnGYGTXHZjaaU2uI2o8W3MWfp,0.3148
124,1w0rgr9O22QnvHddJNhMtoZwZLhsy2z75N,0.0191
125,1vxzUD0fcFPTEvCci27HR67z4cVGZocVD0,0.2662
126,1mheuuzY0GzT4cQ4S6DbvZvgJyolhZujpr,0.2425
127,1rIPKrIh1Kk6dxtCfTSbUXmfp8G7Ml3TVS,0.1900
128,1NAs8tQkNUEvIEiLSSKcdlNBzPrVgoJbUC,0.1762
129,1HFMA1pnTXRrQDh4ZaKcD4AXrQlK4x2fq8,0.1224
130,1DBNOpYnXwDZ7pavwvfRsJiv9nCBmMeIsa,0.2077
131,1KuE1vawu0Me7z0GDP6Te3n84b9PwHwN1N,0.2456
132,1QqLNOryxH5vZoxTw9GWK8O1A7lmLMrQqQ,0.0661
133,1q9GwxSoVGojPpVXs2hxIYR5tHfVQt2KLa,0.2306
134,1yf2h2bbqq4Nc81lmrjO0kU6OSbPrbUCkc,0.2731
135,1EM2J8ymxZmvJYThFSudl6PshPFRlUekcZ,0.2625
136,1W8H9d6W2f48wvFqRqLQcWSgu9cNFlbDEI,0.2044
137,1HhoHV8h1xRiL7WkDWwxt6RQOBBpCWW3mH,0.2033
138,1Ue5G2z3zSJ0Y1U9z6M81hvhqL8no4AaAs,0.0437
139,1GRC3uQmDwA8C6yYJ2wJ3sZkAGzvS63qD3,0.2187
140,1lcFaaY0cX4jHS1GYV7T2wM5q4VfnNVDut,0.2591
141,1JxI6Hc3DxKJCG93Z3yoszcn3F2r6xj5nX,0.3052
142,1qXT4hXQz02j9PRx1iDibb5Ev9xPnoR9R6,0.1514
143,1Ujrcic3oObEbns0cZrHLuV1Kqfo6nqjjm,0.1323
144,1ehlf09e5KK3ZYZrPqqRzHgKrHXGKiXhyv,0.1947
145,1SmglzY2C0nzOb1cNCckA5ZWPCB1O8r8yT,0.3280
146,1iyjiIhA9VzV9TjX3OdtUZ9EPH6ojn4ODi,0.3155
147,1A0U5rT4QF6oXQF4oZB6t7q3I0ZbrOTwZM,0.0809
148,1U7bDqxvBRJGpKZIR6BBSrdFjFpsK3QOVj,0.2981
149,1WmfoTwUQWPeO9y3fSvNTn6gHLGmTRNqRO,0.2779
150,1oK5GJooG0nbTDixfFkFtyY7HwRYLIFlgj,0.1741
151,1pT0BRWVxWwDV5AP9SyRoRee6q6ifnS40S,0.2437
152,1pLzE7kn14VeF95SKdNfMMrZ4Xm9AbAWVG,0.0305
153,1D9RDo8EaR9UHgTYD36yApqPYbYwsQoDBJ,0.2563
154,1nzMg94nhfFlqf7k7XmU3KzZSLqBlSCSEK,0.2530
155,1eU4vyXtIs9VaZzqBjN6XWGf2kq6Jpz2nN,0.3208
156,1yzuQFnW0p27K2JyrIQdLCtD64JysQKZZ4,0.2675
157,1Heu3mDlme8nSkYw3TsVjAwLShvJZ8DNLD,0.2751
158,1pDMPoJixuIXRhVKUVVLu9H3Kag5mqTOaW,0.0304
159,1nY2zP0J2yHrAZBlOqz6gC4Ge7VUuHcjqY,0.1598
160,1NwwOYZk6aaJNz8Ewa6PEjNLvL3Mn1Hooi,0.3248
161,1Fz8s5h8zyK0xqvTV8Jl3PNYU43cKLHnZb,0.2448
162,1BdSSg7CZ1HzCt8r66sbqIiGq6jUKmfrV6,0.0523
163,1Ou3gNUknE6SWaV5mouSLy39DvQLSSS9Dr,0.2504
164,1rJY5F7x9n2DRYznSSRiXvJH9eRiypWDUk,0.1702
165,1m5MbUZ78hALI0K1NhWTjde23Nei1JN0t3,0.2886
166,1oDXhVugUKiqm8Ry9Q00eHZRmF7XJmmUAn,0.0138
167,1mZflH9U4r5RAApLhZSTkJTZczDIlvD5Bp,0.0593
168,1s0kbZ0Jr14kzT3beOp6qslfwE33DCGLKy,0.1928
169,1GB59KoCbIPKM53jQ4EsRnRM8Qq3nEa7B3,0.1898
170,1EMbd6yBvSTrLCl2dfF0WYFr8sVWTFz0gF,0.2041
171,1MOLmgjq1k0CKqirr2KZyRAsiB3uKjgeE1,0.3112
172,1kyPhNT1T9aBZGmYZhxbzkl0S5aUlmrBZu,0.1858
173,1T2Xcz3zR4nSTL1V6Bhe6hcc1mHdwCV6f4,0.1120
174,1QAwVWsZpze2QbEHzpC9R1g8VwJNkLIP92,0.2327
175,1qK1JZct9GPMR82Nf9yrXoIdq6x0rV7RXm,0.2183
176,1n33Xa0lqNzjZvOxmdUJkMPhCJdPTiEMSl,0.2469
177,1x9yBpGOyJGEB1t8gV0wPIdgmBDwGsBmKG,0.0316
178,1zJ9z2v12qC4CIGCveAmLwCgq7bk7IUNQa,0.2325
179,1rQqu81ojalHw4W07f3zQbPqjCkqMWwzKJ,0.0317
180,1rq9kem5Kc6fncQ3OycCgDO20Y7eqpAOuz,0.2622
181,1wRCsVL7EOQntxCHPdw6lhP1B0ukvG63IA,0.1196
182,1K7Gw2cvbF1GZx1BRvqXg4VST9q8XeILcE,0.2393
183,1Tbax7a4JAhElXbTfW7ATyDbuPcYJ30Nto,0.1236
184,1EM9IM8m6MDeix6r3sJ6n2Baetb1VAAz6c,0.2681
185,1GpOR0aCQkUy2AGlDs6PY6oGkcE8TtGARH,0.1019
186,1ghB3Tz4aDbsut30H0BYAmJ3tLvMA2ABwU,0.1685
187,1h96FXsS6IFKiqipwFJ9rSvLx5G8ETjvp3,0.0481
188,1NNSdmjKBzrPpGruv2ZI5RzowTVNfVPHUs,0.0324
189,1EXWJvJefc3u1UVmvfxXLErslm9NB3F6ZN,0.3109
190,1nBs2kgDXJtOArTQHZ9glwmnwqqAHS3c8e,0.2909
191,1FtHLcJZ6c72IOHZazCx55q3f9dju6QuMv,0.2185
192,1v3cq9wQnzbxh95t7qu5Lfpj6ZexgumNK4,0.2904
193,1oy4fOidYvM6mV6Fi6iP82mcHACnyQVEv6,0.2769
194,1rHnAQqW0K4LUIqFu7ON65y3gygsR4Lq7o,0.2282
195,1eFgtwUal7GAFs8i5JHrrbD7X2soNl81iM,0.0785
196,1xNoLAP0L51gt1oPm7fOZIiESdAx0CxhIk,0.2082
197,1xUbAsgDKrv6oESLQujjrKZLRPmAKFX2Bd,0.2888
198,1yBmoawxfkFdFRqQdWQdZNVjTkL8M6dYXH,0.1581
199,1IBJ7NkZrke2Q7EasTFa4zCvUhUolcF3Tc,0.0505
200,1HpSC1GBPRRDfwEfYNJH4CrsfsAP14wF2R,0.0977
,,
201,1qpoPQgJ63mbRefxMGWLyH2CAiSlTjZhnU,0.2459
202,1Bx9VfJY6EnMjqNFIvdrKA4Wy03XZUDSze,0.0128
203,161iMkWF9P4Kgb8XD2ZBvpcslQU7enuShV,0.0175
204,1bCrTUxBaYhWvzmElcGSksR23pu86DonfM,0.1766
205,1moPZasxcYftTG1M0izhW8ReFUQEvuBn7d,0.0232
206,1YAWmauoQE24G1vfZ7wJr9td5TUHxpCPyc,0.1479
207,1zBv3CNZ4uK1SqmhfeAoEWXGYVxjUQcP2d,0.2973
208,176FQKD3WXZBvCu8pNAoS0eHhdYjML4cf9,0.2255
209,19uQSlMVHCOnvDiJIwhc3LT7oZbKtWz5Nq,0.0436
210,1nvIeXpuGLc7f6g8SzThErmd4239UoNa1P,0.0988
211,1EMHwSOmbxDUu1secoPdIn763kCiYZhgG5,0.1217
212,1VKYlkn4M6zpiA1gcvOuL0whPjRDWIS5dJ,0.2834
213,1xjv7r1uqDGVEOZbQoTLnKp32N5BYwPfmI,0.1641
214,1fr9L8YcmpDkg1MPu4lFz7WZbN2SXJxBjG,0.2235
215,1C1jX83OAnM9iGWTgbH5QqlY6JrktzhEpN,0.2306
216,1JQSMBbqnIZN5XH9Eiwj0egDupRclv27UV,0.2705
217,1EsoOzhLAlbCMU1xnRB9FTjeXgtcyw63im,0.3083
218,1znxmrbaHd5yEZ6LiXg2cD7NfTRGqu1jCo,0.0147
219,1pK5V390dRfWbu6BojshEM4JwGqSvYtm7a,0.1281
220,1h9d6SeuX7H2jTF01nVkmY3zoKr8JNvBUQ,0.0296
221,1zu0EgWLnpZC7iAPTxf1ktvYSj9MFH42R6,0.2047
222,118B0tDMiy4hHXdqxFvPSWLl7GK3QIJzCo,0.0823
223,1d2OCvax8JWjzrK0BG3eqh4L5sPQmXlAVF,0.0777
224,1HfgqPeJIiOGT32L4kuFCxRSmscwEVrAh8,0.0745
225,1eNW2b8u7wygBTHvOZpqasKdGYjltPXEFR,0.3276
226,1IELPOY3tDuTKdy94hQrzFJ5gaMZ80f6Uj,0.2465
227,1NsDehWxMI1EYBt6RJXb3qvPfwckupaCLO,0.2135
228,11OHrtb3jJEfLIKU8vWye4ua5VlNGnmQ0A,0.1983
229,196zfUrWEdtDRk1bXYJiHsKBqulcmonh54,0.1912
230,1FpZ0hy7aEICNjHoBRSYbD5wl32G1PqzfT,0.1653
231,1SH6Zp5qGzynmcio8CNwYsLjKtFrQbE01B,0.2504
232,1ZSJWBnQYlTdrVwyzoathALcPO168iv0Km,0.3194
233,12yOMLuPRkZFaEiqVXTJ8C1BclezwvHdYn,0.0713
234,1Vpwqu5AC4n83H9esdvarGFZzyoiDOLfKm,0.2594
235,1K5QVIbiAeyPm7fFdrEvGsuzWTMXlcqRH4,0.2225
236,1S4Zu7vWEypINscVhY90fnAQKUXPaoTH6J,0.2735
237,1AeL43D7v8JINrUaQ9koy0YFCgidG6HTm1,0.1322
238,129KMLsq3i7lpIu1TJZnb4VmSgXftWCvrN,0.0855
239,18k7JEUgIbNm6D9TXS2LFzvOh40j3HlRqo,0.0597
240,1WcAXehCD8wsdzSmTnQRIaPu5YE7qktV1o,0.1045
241,1VY20Ch7ziKnUvBwZOIpFEDeojuXdQlGN4,0.1091
242,15S0Rpwj7W8PdEfgmvt9LDcIeTX4YVMaiy,0.2542
243,1yNhb63zWYercqQu5fPRDlMU1LdAmXGkj8,0.1668
244,1286yxO5YdAnrEwulFvcfVkgRIDoGhsBHe,0.0903
245,1M0D7vIYZhHOmeQ243afrnCL6clsxzUwoP,0.1979
246,1bWLZoVSgQj2RFtI6AmiDz4Tpskw9eMOJY,0.0199
247,15oiUbnNKV0aIHe7LyE9pGjSzQZxDAXu8M,0.3248
248,1dhMtFTy8r0DpSveWGonUsV46z7qJkClBK,0.1456
249,1FVQikWRnZLId2N6P1MYCxfSUyJohbpArl,0.3265
250,1jKEOr7l1bhBQwox06D2Rdqk4vNMFLITet,0.1934
251,1f2xJF4NGpSb9MV3ynQc61qWzv5h8eLogR,0.0590
252,1Kx6vSTyBIA42U9ajFgMYQi3WD1ckCqG57,0.1748
253,1zedLC1OPHwYU7TRF8GVhr4im9x0ZAay6b,0.0079
254,1AYBFPn5tH3NpvJsERUfrj8ha4Cy9cMewx,0.0834
255,10m9O2La5I1KoH4n3xzUGS6ChFPrQuce7p,0.1180
256,1wPQRSxnJiGT4XY2qegIOu79lMbvt8oDWA,0.0621
257,1a5E3tBXT8zGQR1ZW94qswFeAnyuCcoPS6,0.2836
258,16reUcGMFqXfQ0TI249kLAiwsSpbCdJmHv,0.1266
259,15pOCqlvZxEm2i8JgzNWjnL7ydXPt4TeRh,0.0654
260,1ksxqo58ArNTZFIXya63uczJbmE7LMdngK,0.3125
261,1FntrNYliBJC0w4AKxM26qZSa7bEjT3vDs,0.0908
262,1bnGBu0To9IrCR1vhSEfqaKLdjWJHY6OmA,0.1062
263,1YSxqNjlrotkiKwGIbQ9LJEhTmA4VgFsd0,0.2775
264,1sL2nIwKbcFZkh73MfEjA1udgm0zvoOey5,0.1857
265,1lsBhimfNUDxoRVOJQTMjdzvqwyIKHFAuS,0.2819
266,11TDcpwy8BkLib7tF3zrMjNPgfK6hVvGua,0.0514
267,1xwN4u7LjTKvlcXUSDCq3zgMBOAmGH8hne,0.2071
268,1wkAx5ShFX2qH3769gIniJ4QbYauycZM1L,0.2005
269,1QPJDd62sUmByklwtCoMAueWzHSLNq1GI8,0.2815
270,1hOVa1JZyEtbWiCjzT7eX9pL8S2RB6v3fr,0.0830
271,1ihf9SjxbFKw4TntJANBupOqe6v78LEco0,0.2163
272,10U8knWQXeabYZSDIFGyMiw5lAh1N4J7f6,0.2096
273,1QAoyzhGBNOrXZDkR3gKj9PHcpeEs28qWm,0.2976
274,1SLCsp5BfAHnuktiWlD73dYMZ4qjPeIQFE,0.2171
275,1gDpAJ78dfvTen2Qh1LItlzKxMWaEYHSVB,0.1980
276,1tLUITdlFCYwP2kHJuVSv9b8DOgG1x5aoZ,0.0676
277,17REJH93U6pBbxqgYfvONjI8FcuTAheltC,0.0617
278,1ZC7T4xM81craKNWkowYq6QiVPDeXy2gB0,0.2565
279,14oj2HWnt0lUziqmdyPFr8JpXMQTc1VkLK,0.1865
280,1ZRQWg6MjXz5vNtU7aL8IqmHbCsynOpKoi,0.2918
281,11Pt2IujaSTko0834wveK7NzbOUypLiGgc,0.1967
282,1oKhQOCkjSNx2mWglybwpePH0BXc3t5inF,0.0412
283,17EVBbp2U4d6lD5ItFkWecjKHfCqn1azGQ,0.0132
284,1yw7BUPxbYKVNIlr9RELMc6u1kaqei0SWh,0.1873
285,1CQt2VGprU38kKjPOB6b1aMoYLHs0NAFic,0.0528
286,1C8MrQYVsB6bDdJztpFjOf2xgam1iAThGo,0.1734
287,1ZUxi8dTocDI1z5Hu2AbpsQqnPahrKOgFR,0.2379
288,1xdTlHZmMvRtkPK29oGfVe6E7LA3CasNqD,0.2813
289,1VqWotAp83jE4SudDcbFPUMTvaHXh02yJG,0.2599
290,1kNzOFRWqfcHgl8m0wSrYy9pLGuJE3VTeX,0.0636
291,1JRHAXqfEimIvG1VhDo0OgyC7YSF4ZepbU,0.3163
292,1oSKjI4vyhMqmdQLkGAnPaXNuJD3CcF9s5,0.2202
293,1xSfN5voRLzZpr18IYkPWUJAlu0c4B6XVj,0.2596
294,1rQchxXDOtb0KJImWAUewsEjkFMqHSL7ZP,0.0816
295,1Mo3AHUZ4Oxhy8pqvCNPWKEeLt0zulbSwa,0.0492
296,1vtVwr8UG2hEeSOaNldkb107u5ZWfiJz9m,0.2223
297,1UQADumw3G8x7Zn90VWdsTyq6KvlF4C5bj,0.3252
298,1ODnfUk6ets8VASJM5NQpx0qEr3oX9hwIT,0.2499
299,1a35Jrul2U78XNAGimovtqkZ9FSeMcpzh0,0.2999
300,1Gj3ice74fgXTnUVlBLIH1yoNhwxDKRrEY,0.1520
,,
301,1vZAIY5fKO0hzWD7FQwpkumRGHgTX4Lx28,0.0875
302,13EM4ZCPKlf0gVLRcNBIGF2az6tJx7seOj,0.0307
303,1wn14KX7dk8NphV2ryF5cmMRHZISoDuAEQ,0.0796
304,1ChYV8nGNW9LmdJ20TowxIbg3ijRpPrZqc,0.2686
305,1b6sRSF4aGtBvgZKLx8ku0mHf9pOCPyd7n,0.2876
306,1APzQXDkcCTlOyKNuiWpmHjBgVIr4257R8,0.2293
307,1RG85dTiVwUgZJ3m9ClP1Fcs2A0EWeyp4t,0.2958
308,1pR0taNTkKUHwye1W56xcFQLbig9jqOPus,0.2308
309,1KGPYyp81dFJgA0vVrifno2BQRuCOjkx3e,0.3186
310,1STVytfsBZnuzMWo6EmerXFb3OANGCJxgk,0.2202
311,16NApXm7fCOcIFdVgaU4ZDzijKk59r8GWJ,0.1973
312,1IK8rBsSaYUEvZRdWtHzGjgmkfq457eVTi,0.1651
313,1OtFMf0LkgcZSuwTAVPXi1sQxG7qv9na63,0.2346
314,1DYfCruXvF4ZnILVq07cWQs2TMj9k6KGSz,0.3191
315,1BANK4OUVQ5Iuyv2Mhbr7jalxc9G1RfmeY,0.2200
316,1yp6ZTNLaD8PWRHnUj9fAk0hcs3bQ1u7dM,0.1099
317,1SB4nDu5CRqa681kTHIlMYXtKPbNx3JmWg,0.2040
318,1vBt5kUyXKjiqVEFWrTOo64LGCbRQfesD3,0.2223
319,1atScWHGr5LfszE0bCK2F16NqT79jlJno4,0.0512
320,1z6sqD5vScf8GEJ1IyaZPLhCd2lm7nxNob,0.1808
321,1wA27fOtv3uP6lSUyYCond4BaXZQWp8ckM,0.1316
322,1JvLcxiWtVRjFrQd21zlYnwSBUoN7yD4pa,0.1180
323,1m7S8Xk3FyYxoEvtsiOl26AZfWpznhMPH9,0.2967
324,1cYUfKB8VjzueGJXlhg0bEownprdyiLxDW,0.3023
325,1iw0lTKQkSp8fFa1YzbVtqR9x5DsEuvHCO,0.0997
326,1ZtmzlIp0LQdAxHawj8nN16kuyBgFvWfCE,0.2513
327,1Z0lYiRQtID2S76fnEPr4Xg3yLB9eFsGjw,0.2859
328,13TE8a15MDw9vIBXgziqjOLSZkQ0NmHGyx,0.2220
329,1aIrWKFwmkMQ56xtRXVyipPUh89SZfnuAe,0.2090
330,1fZqnXLAJ7rHyOC6vK4dYWTg2P58tbo019,0.1741
331,1jqdEgbrQ3FUMIpZVBGPJ028LYwvuNnK6R,0.1925
332,1QvePlhZEmFdSJMciDn0bwxpXuNCr149qO,0.1500
333,1ZjiX8rAWCKSxzhBfVq9uDOdlc01gHeovP,0.2302
334,1PjQYszXtepSAU6hri9F4DGu1yRlw70fKO,0.0756
335,12iyuHCRpktVfdUNmblTMAn4qwPDzh1Qer,0.2778
336,1blALDqyahO5WCXtnJ1wvoTR7i3K6reB2k,0.1946
337,1R9WTgbsSeGLACFyzmK03xnNQuY5tlXkfp,0.3081
338,14LV8XAkyDvUlq1FTSngfBK3j5mzN7ChWc,0.2399
339,1RVDpCxs3htdbWK8c0kEUio9BwfX5Lau62,0.1212
340,1KDoatbEejm81V6ZLHlF29vAPNz7y4XT3p,0.2619
341,1s20ojxSVHrlMIFXbaD879yZUiE61tnpzK,0.1415
342,1oKQZUdI2F7NLSHl1fan8zVjAeTh0E4wuO,0.2623
343,1grR48nzxco97POEybVhfMGvQsl0mSUX6J,0.0398
344,1uJbtT8WErn3Ywaq1AIQMzRs7jOdoHxVk4,0.2138
345,12O4bouLgkmXwTsK0EVcA5Z7anqhN1QFBW,0.3060
346,150q3Dd79saN6EclepXPmZhQFfYTvRwt8g,0.2662
347,1qXmLUT45WPJZpN6ejS3QH0hklgItF2yaA,0.0815
348,1zUkIwfhi3LM8FvGB6yWotuEYqVOAXlaDP,0.1367
349,1JcZkEGpoCFO83dHjg9eaUtzqxrASRuTVQ,0.0715
350,1LECXs1eAgfJKc5mbpzS6VTohkRauOwrl3,0.2961