1,TXhGUnRDbGaB9xZa9hoAVmgzCqQR7f9SGd,8899
2,TX7YC6Y7JSeKHpocTtHuZFk4FLxb6NuBLi,156
3,TXD2M56afPELoVq3ZRFRQeUM2nLFp92jCd,8766
4,TXDQzKSTpiyL3uH9chtAV3tHTwSxbji8Zx,3561
5,TXJHDn1f3HeJVy2pU8oc5J1RHQqBFTfLEy,10000
6,TX7XzXszi7cIbVNdBeR1ymh9wJnUE5gUEU,948
7,TXVssS3sjTOSenbE5mL6HhliM3Un6Ffpp2,4561
8,TX6o9nffgJrLHaLtq0J1UMwCZI1hhP03nW,2034
9,TXQLoVXnDNJ84GJ4ULGyGutjBFs0zDRW0m,1669
10,TXr8TRFC46gzUyTrcAvpyXtYZDSkNbDDXr,2457
11,TXnPj1wPFZDPP1zTwL4aJAzvwzS16STQXU,2205
12,TXCmE8BE2GTqJxlKbVKkET9XMEGBEjy0uf,5626
13,TX9Jsc6dKbCS5uFiZROy7zQOIVLNLbYeuX,4747
14,TXsq4Mz5CUucP1LU5jR0g16tTRcTrN9eWM,1036
15,TXXn1E0SKJf65EFA6N9HjqnKTvmQXK9UG6,823
16,TXBzAY6tNCjjFYieflh9u6kU1TKMAZajpF,1558
17,TXhhlUuob2tceBqm2LrXmB0ufopYmShvFk,3508
18,TXTTidIzyzicAp98W16zZkKQgSyRYYV2L7,976
19,TXq94BMEZOrfeyO3cGknB10ymQaykfocVc,9845
20,TXgdMBQ2Eh6yLaikb71ZwO8jQdtxWhKxTG,552
21,TXD3nGk64XM8MRKk2fPqwdlFhMAGFZ55Uq,2105
22,TXw2B6EBoPvbxDSC7YU1is4sgI4VjKbmDd,9121
23,TX8KYNbpxYUd4pKyV1sBeXUoA7VzCxvxC8,1223
24,TXS2Dy2XKTJFPXPFJGJc7AhW1dPj8rTrh2,8411
25,TXMdWgjmiCk7xw2DcmtLy0rNfC9RWChmDm,8264
26,TX1U1lxXWv9jyPwyKwZtPOCV0EEWLgqb98,3309
27,TX45LpxqCA53UH0hV3FeaK38ABlcDTaESB,7153
28,TXJbbm3egfTTn8m1KqKIAIiXMp27VRl5mt,7566
29,TXvISrKscFAqoXpvAdtpR2pefReHe9KmZg,9773
30,TXYayNWcnXYPdI3NK8UqXX7TpLgBJW3M37,791
31,TXHOMNUuaJNefqskYNsJ1huEShPnuj5p8s,1308
32,TXdZus6ZwzFf3t8kXur8taaFsK5Nhvwuew,515
33,TX39iDWCTTBOon0o9ifD14CMfQhU0W6OXI,2446
34,TXfSTpGqsMcSkZuEdZC0jZMqBc69pm3Ebp,3596
35,TX6s3wTav9F68Mv0ag1Ez6aAZmi1ULi78K,6563
36,TX66P5wjMjt7aSL0jNGaQ1AJeJ38pYbyVt,5470
37,TXlhgJlXzFpj12Z7jfOBZ9LQ1NAXOw3ARa,9340
38,TXa2k4P9cMCExTuzU70RCUTQft7TlYq0ui,1364
39,TXiZxupA0Hzy6BXO2YCxNTF6S9zEkq82Gl,4888
40,TXFn5Yq9bGrF0mjs4O7Qyvy4b6GfhZBJqr,5938
41,TXve6Y3vCpBzLpvFX3Fg86twL3MZSjtUyO,1926
42,TXslHQKSC6FJR9TSiARQfiOAlGBMxE8yH2,8204
43,TXnBJf4UVuKFVT0e6c3EXHYDCk0il5tZuM,1900
44,TX8x1XUpzHtAs9vyuLqATeXfv4eQ70bMaw,9954
45,TXsQWemPX06f22Yc4DNCrAQ7mNz8KoN4zY,4567
46,TXCV62zEEBv6u26tx46mdaO8ATAGVnQOW0,1113
47,TX6hHL4d1oKnXX5qmC7WT7ZIm6TXWctD1B,7089
48,TXNyjDFoL1zIzHfR11Ct31byKGt1G1tRmc,7652
49,TXJ8DEavY0s5a15ugNKD2fgj2FSedwRbyv,4008
50,TXsd0XF6C9VNWxNmDp7fQR8RWj7XTjggw5,8186
51,TXdjGN2LJjOYmTTjPUpYqwnqGYANJKTlvc,8047
52,TXAlTZtbaV99xg8EFea5FsOCj8J5RTc1Cp,5692
53,TXtJGs93S8MYLcLGwASZfD4KNEZ1V7e6iO,2639
54,TXG07dK2e1xNWNRsX1NkxU6en3wP3JEn4u,8036
55,TXY2Nz1RKW4OgYkxPZjxtCymgVLl2QqVih,5615
56,TXnnPDix42ZVU7uTg6AYf6kLDCOnj5VzCj,508
57,TXU7IXFtHkl0TdoD5aiNtud5C2bUqOCdWr,6833
58,TXcRZBJRc0J7AcZPv8w9Q27VTF0Za4pjL6,8550
59,TXUkr9QXltbc4oTcdN6y6H5epDbmS4XZWg,7868
60,TXUfVLBbI4C1hRfy9Md6s2bg1GnBzhg3QG,2627
61,TXwU0n7dilG67X6LzGSkEAd6uvSDU4oC1X,946
62,TXRXU9mEvYvFmRwiJtHBXeWsQk3LMZpE15,3751
63,TXwK36UV9zOnPz77AjoapDe9b8GzDkDj6Y,641
64,TX3Q7n0FBPx1RM1t5nDkTMlt7IbOw9o6K8,5748
65,TX4yH5vpbvpjtr9fI1C6UOX4IbYHwX3htT,6845
66,TXU0GZcW47iqFJ9yApe8MAwlmYwU7lpKsS,8204
67,TXg7zLeN3ZZxqtO2y2a0aenrVgP9cMVzk3,7577
68,TXLIsu5dfQQCC9Inz46CAnRhzRcKgmgUQZ,9494
69,TXxXV34RovpsbTmucZAcovc0nID10tcFug,6786
70,TXnxAtsLFSHgPfoYqzLWm8GZM9Fn1eG71n,6028
71,TXh2tdgK0fKBC8B8jPuf1rR1u4V3a1tU3J,5128
72,TXE6Zb22GvR1Uy4ufknk3gJg3P3j6tz3xR,8192
73,TX1YIeLv5Q99zBRBkQ3lgSCuXoMbhGeHaC,1519
74,TXQ4VKj2tckFvPz1k1cGKu5PILz9QQ7nHj,3210
75,TX2Nz1kFFHZH78IZYnRPT5xFoDhdmH0zOc,7460
76,TXHwZu7LM1f4eGLI0OuVt6e5TbbOfrUKQw,9691
77,TXxR58tIE3Xa8X0KPAFJ5OIT6Fq7gqRKfc,9134
78,TX6JmuVQm3wJmrVcB5rC4p2xVwX8xavhPp,3009
79,TXyzgHJGpQxdnJ1NXo0o1qTlwzHlgBgqlE,1898
80,TXjDVcWdy6Ok9tKebkZW5SSvAlxxsPUu3z,2164
81,TXdx7g5l5fbMou33sJ9MZ1NRZQeY4tyKnz,7931
82,TXf8h6XqmWdMzNCHZ6skgBeN0QnjHTHjG0,2833
83,TXuzywLzGnTbmq8l2q3CGYkJJr94zzk5SE,1241
84,TXb0m5urBpACzef4tzVEhBMYA5r2CZAb4K,7972
85,TXnSGjQmYuyIf4C0qihxmqE2hK2nx1P29I,4497
86,TX6mHj39tJowgjrIv4KbaxrmlLkYm5bz3m,1556
87,TXh1Oc3UKJPCz6dLCN4wEFtdj7zFL1w1k8,4723
88,TXXcfVGohkN3HkaFEIbHBY74Jb5IszhjFT,2031
89,TXx6EJFsfnx2xUOVamKHzU32B5QbcPqmhe,5610
90,TXzhtLHNLQ8TCbEE7jKEkmYlGgNDp6UTsE,2769
91,TXihp9Nj2GbjeyKcJtscBUqEjL95dbyfFW,5784
92,TXhzVY8pD7LmZa1vFP0QK4DdJ1htpvVp0G,9784
93,TX3kOSSG82eRtM2CRHDUzcjKfrtOWybgj5,732
94,TXrl7IkWUm8IMeEvIUR3Y3JYr72NTISubC,7046
95,TXqzrOVsUMVwoPE3Or7eynvNp0Oa1UPmYI,3007
96,TX1oKZb1T2INzqCklUo1hkJfHEOS8zNgIw,8646
97,TXvCH2Jb5HegzhkaIi2WiFdmfRxqSKQ8J8,9019
98,TXbXas26mWpH5VzUM7Bs4FRmzPF2z3HBUt,4790
99,TXVYh1orQDqOLQBJcSYQ0V9tbx6V6L3XlX,1642
100,TXVNHEf5wt2G4xQ0fCUWxDvDKLycaHHtJX,6477
,,
101,TX7bS3eUxJhKfWg14pNf5DcZzBDVY23oJQ,9993
102,TXv4R9AzQXcL6Se2pNbMg3l9j6I0WzLsGo,9369
103,TXoG1fYc3eN7jBm2uJs8H3xVzKP5ZPrkqP,1277
104,TX9IWjDnLP2gA6KpFV7oYcNzXDEg8rEK0Q,3621
105,TX2y3nB9gYuhk7F1aIjR4zSGqOXoXlCePD,9373
106,TX5HKu4vJjB36xnmRceQ8aGo9zqXwb2g71,8287
107,TXLwW4sjYTbVO9I6OJX5cRDM3dWofrEqEq,891
108,TXp4LMPhY2NZt5xIjg3VGRgeTOQcB0ENdx,946
109,TX6XRE8AqaPFCOhKQbZ16b73hq1C25HjwO,9619
110,TX1TV7QXviUPw2Fzby4kJJpUMG5kf4k5Db,1742
111,TX8RQgjZZ5oN1Mv7kqqJ4F2AhLhSzKwJ2m,5609
112,TXx55FeFGJpJNNDmCTTyzUAP6S5JuvshJb,756
113,TXC9WbjafBoXvO1Pz7DDPI3M9DThLzkwMc,5496
114,TXHqomruVzKF7iBAVKQYMi7ldcWNTr9ySR,7863
115,TXk9Xv6bc1rJf3HahmUBqMK1HhPzYBha61,4030
116,TXokBfZm7mE2EiSogdNEgJBvGjbW6j3lNQ,1274
117,TXN4mlW0ohsTtd5Np6i1J0gxbnVRxJb8n8,1513
118,TX8fUanBKTmg2vAju57jikwmKvAT7T9l6p,5665
119,TXa3NsLMnGNZwCc7K7MCsh09WeWZbkgQ2m,7695
120,TXRC8t1ucJgJdWMf0gHmXX3AN6LFy34Kdd,6520
121,TXWu7FEzzl0xKB3RCdyz01AhvnVMAI75PL,1878
122,TXxn7GNOE1hOz5QmLYBOJWb9lMQ1W9mlRz,7027
123,TX70c19y0bNheZTuvrEiMRws9zT6s5HtLs,7740
124,TX8twfRYDpF1T8YQyfNDMXWxKljEoQO9OD,9630
125,TXOeB2yXaJNyH1LWRn8rLM0ChN5DG01EaM,3171
126,TXjj8Hvavuz9ftht1iYF5IThP9SVhrOcT0,1448
127,TXUz79lnLgdWzIGoL1XGjE5EX8LcQ9ZNV3,3344
128,TXi6iOFNCFIft9FodG9gsjs6VnnHwACdXy,4142
129,TXDQa0l6VK7WS73JmTX8FQ5USw4wQKlK5O,9651
130,TXhGkyVuzvmR4kvgV9yRlvTYciv2SC6JLR,1216
131,TXHyFlIGa6bw6V2XHAguz3mHmJvt31v6Bu,9415
132,TXpDZaRrqb5U2BZVr8WzBcO0nkkTzvlhNE,3064
133,TX8X2HYbSS0sj9s1cC0vl3XzOuOyTkKMlO,7840
134,TXKuBWM6mg7VdJ85bG8fFVipSnuvofm8i0,4260
135,TXb2Kb7pvbqN7ceGpBA37m7JPra8JKW0W9,4940
136,TX1vneEtfB8Hbk8U0AXWTg1HFzsdS2cqZ2,1623
137,TX55iXVLyViJCHNv1qtFm1mcoKo4IG7OKV,2201
138,TXL8I3Y7VNhoUIGKxGIXaj96MC63UDs8Tq,7390
139,TXmWQtz6ImSdu8cldqDncGOnp66nBrktu5,5227
140,TXLRH96StEGM2VnpJP0vO0EzlcOHJXMCyx,2855
141,TXIixYKgj8RJ6H2Xr4RejoBgmwNl41Bmt4,9880
142,TXrHXg9sKbCQT6ldilDzrY3sGpeUjQgphj,9017
143,TXQrHExXmAgz6yO0aUBZmlRlDXi5IvELXV,4129
144,TX9KilXjTwQliuRJcZyFjgshSfCtTpFbj7,8477
145,TXqRQhglRiIgrBoEgmAO4ojBJ9o5X8JpoC,4661
146,TXU0gNyO1XJJc6gyvvlqjUdIwh8G27aL8u,7092
147,TXAjR8efr3isWnljp5cSD1YwLrCrTo8CU5,4175
148,TXrRqHwo2VxR8MMDBnhNgT4vFfYZQZgdou,1944
149,TXfj06ZDOnA0LKp1UM3EEPSNcIpAUfRnZZ,7905
150,TX8pV2M8pGOJZd5IP2BpmoMJNNKxjB0i7S,2092
151,TXPOfrTz6E76aHLzSIlwZOwe4LItddEvK3,3864
152,TX8dEYDAelhxanTIsNVpATyIE1QXuMvQc3,7649
153,TXsL94g3C5DQiYKZqzMQvHBKQAKbM9JXfF,1848
154,TX5nckovQbWs0Or5C6ccqr3eQ8OTgxKIs2,3777
155,TXQz2wI4iLd2Q5hKrZxTT8wauOpg9HYtah,1124
156,TXqK6sqJpJN9Qg0TCjvR1dTwUkk6OIOq0Z,5347
157,TX7NDx3COsHw3Kj9Sxh8J7LoiIipH2QVLp,7280
158,TX6fw90ThQa2TzU95zz6qSywlyLoAvb8mf,4710
159,TXecrYiuh9lFeOxvJKat1GJLp2TgE7rk1u,1819
160,TXtdx8vDfIEbVK1IbVGyOyUCdjULxKa5XW,9184
161,TXOWY81uEHtvj5L48xY2xRByZ0WbMwaqDm,5667
162,TXkZPnx8KELd7uLvnIdjMJT2e3et2V3DWl,3695
163,TXUtxXYvrx0XYF2ghVZg9EEBG97k2YgHYD,5822
164,TX5V3rLzLlTzDTEAsDtzqxHbWfJVuJLsLm,562
165,TXbgzdFSR2AfUvDCExfslEuqlAd4ZiMlWe,7897
166,TX4PUCVVf2cJz3Oz0NtcBQ3mF5mWeQJ2pX,1234
167,TXk1hsaWuQFnz8HHkGnsDFgDf7K7C2t9p6,9085
168,TXkyR6DkxKkxkfF1U1tN2ZwEpXuQjtYZfM,8582
169,TXP4Z0ajBj9opN8HfrZ1JrJxQ0mlmcp3mC,7847
170,TXp9S49SPQ5H9U5hvrMJj72LXUzVndVeEc,7499
171,TXgEeMD3erKLJZ2EwMPeEgkFrBDCZEFj60,8716
172,TXKz11l3LKE5jc6C7U6w1b5FeLx0i3jDkp,9845
173,TX6SoSCWOhW3JiUur5xZEXE8xZ3FToUAvK,3550
174,TXk43Jb6DKGAnVHvLdHGuR6H4unW9ulj4R,6984
175,TXLLK7yegBo1BDhnFv8p2eKjajXXYQOin5,9925
176,TXuVJ0eC2v1sbgcOEvYpqPphLbMvgqI3fz,7685
177,TX4X8nps1Ez9ZhzPDvYySE4S4UpzxqyVKL,2243
178,TXS2y9xkF3YrCL7Mavk8wZWc8YfD5JnlNI,7125
179,TXbQhXveR5Cdjf71b4x1gM9oHJ2FasQXna,4310
180,TXSC2bUdPbg48ECUa5iC0CH1P90OKvQiF6,8117
181,TXBh4UZDZraBJaI0bNSNlq6o22K2qGHEO7,2586
182,TXQ9j02ZqJvhy9AUVoPPegNGMWf6x63v7D,537
183,TX0A24fw5MeETICxSbfK6ssRlTsihQg22m,8240
184,TXtc2jRTQuwLhjXPGt9xIg4biD0MKbsffQ,1782
185,TX50vaPLNc5xFWmpx6eGp86z1QNW72rMKb,6860
186,TXGJho8yyeUitIQhKgmmadpdTSEBImY5XU,3872
187,TXtz1pP9L2xWp8Z9xXTp3GQdIDyR8NR1x0,5134
188,TXEFqqM0yjSpn9KF34caVnhtAVaaWmKYmV,5669
189,TXAxj94Iap9aDqngCdXKf6q1GKTFSjMzFr,5904
190,TXW3q9HT9cXqQsjLt7OX1uLJ8kqmbcITmn,8403
191,TXR1NPKDK5JHB6IDb9qQq2KCYuogwMldOq,4785
192,TX7xZFiDbD22gqIQqCETJv83Z04d7hz1uO,522
193,TXDQDCgnR8aVjvgJkvqIrrS4YVMlxWivQz,8550
194,TXJRYy9Q7haYcC0l9qOqRvbFP91fC2xZQ8,8965
195,TXbyA4Ev7H3cfhr3jJmJ9Q9EZtvnqfjRvW,791
196,TXJU7QzG8vTr1L75YFcz4hZzDNBDnizSXT,8140
197,TXMcZ1j4hO0Vicj6wQmo81H3j6xNkWOhIz,4218
198,TXtdlcvzxbynyAt4E6jjLxVRM7D0Qnn1Pi,5265
199,TXAKKl6NYnoO6qK2ydcC6zDBfX5P1ns8Rq,8025
200,TXPcf99pSnkG9oUvA7j9yNN63qepItyo0s,564
,,
201,TXA5NPMHwuhQicndCDTg9v21J3yrapRbVX,2709
202,TXC4mgol5MIBYRQpb0iN8wD6GZdr3PLafA,9797
203,TXEgr1zTpoxJAX4hZKsfj26I8Vdt3uHb7q,3590
204,TX0f2SBnVZYo1XU469aRHwIvluJt7LmMOG,3561
205,TXtFfO2u5TG1WmBk4xjIRXZEAHePg9pqV6,3680
206,TXn4QWz5ljV3bsEq7ZatRyPhTS96gCuO8d,4022
207,TXuAw5P4FJkU26xlWRgdZnrVYoQpBvKD70,8345
208,TX0fYL3ensXql97ROajHI625QBDiUvGyFk,1602
209,TX7SJKOaUb3L6ydtV1zkGHWlQY0P8I4Nrf,8180
210,TXu5tXaR2wqPkE0FzbNlhYJ4SyiWn37gUf,8263
211,TXQYvXBEr6p8fGzCKyU9FhtkITJNqxV5us,8629
212,TXSidE4A2IoMTRXvh3tNOb78jQyGzcewnf,7881
213,TXfuXPUMtBwdysKhLxTI7gH5Ze209AnE4a,2634
214,TX587qcDIGnhZEgid1suNSoPWrlT0xJpRM,4923
215,TXuYa1GfgxQ24H0TIPM8js6nZprqBzoKUR,4330
216,TXGX9ld3ibWKxomZQTEuPfzpvqJaSj10Uk,5166
217,TXkGlbNIKO2S6sUEy0qC5g7Wf4ewpmnT8B,1382
218,TXad2ykCJhwvbfricMqXA9NIVOKpzLWEUm,8704
219,TXPs4tG2en6QqvLpoHTwlCkamIfxFNE5r9,4675
220,TXlOETkcLCf0si1BGXFgMRp6hyjvzA9KJx,9910
221,TXz9NcatKWXy0eOqxuVT4F28hbpUgiHvLS,6614
222,TXOBWsQPIVRLFchwJNjZHix61C7G9Unl3b,5471
223,TXB0UQ5vKrEOa68SdbmYFRZ2y1iWkMGlou,2639
224,TXXJuKPFi6qOzTesyAna9c0klHt2oWgYdZ,3039
225,TXTREMhUuBLZ69j14vpGciYHrzmqCfboAI,6545
226,TXzP0DjYg7tJrcVKXInfebdk52qHalLhNm,9381
227,TXJixSX7cRfA9wD6q4B1rWG2jhCZO35bva,5889
228,TXjPnvZTysolWepwQqC4i0Hg5bF2XRBS76,2141
229,TXXDAPETtWnGacips5N208uHxbF6y1ZCdI,8131
230,TXeQkIwcBuhyb8MXq95iGLYZEzJpd6AfDW,5387
231,TXQkpSoKwUC9uGvIiblVMWcOgqLx4rsYj2,4796
232,TXQLgHVjexMETIs06KoCcNA1rDdkYn39Ba,2422
233,TXqJ0xpYiHE8P1TZXFe2ln6wBogQ4LWUSN,5987
234,TXzcSirbkwGYTvI8XMVlqye5u3ot1hnpFQ,1338
235,TXL2z41D5EqbyWOJpGdoltMFf8rnmXuwsS,9734
236,TXoTfYtsKEdhkUzHlIPrwLgnFGWcR20ju7,4951
237,TXy0qtVkAOnmpLRGvb13sY9QNE5MwDT8j2,9629
238,TXCrhbUKFt4lRQHjOL3J6gewx0YkA2MWf9,832
239,TXgAnkqzTdhXLjCIVw4ct2aEG9OHUYZiWQ,6385
240,TXQZwLgf9Kud6WnaBSJ75IjVP8AHGF1mqt,4836
241,TX0UXsRjoJuHyhfa5W4C61SDmPwK27NFI3,7508
242,TX0S9qAGupbFPZDj5Hd8tn2vYEx1RMlzCr,1789
243,TXGhtgPplL4SjBOXUHTuZ9mf20zqVJdNxr,8425
244,TXAptlRcMQiIkoK1HJy08xsEvwDLhe3ZS4,6826
245,TXSstNVxbX8d2mowu41n6UTPgDkZrHJYl7,7695
246,TX7ojOqNLvFikARpc5l3xYtzmMCUPHZsWD,5365
247,TXtIgj1vw4JC0dpVM9RKUqhQGoEDOSa6TH,1902
248,TXal4ceVC2od5nSXF80HYsBuyNh6LpgZI7,6687
249,TXXJvwuSm1Zq0b96CVKtn2cQEaLRxpdODl,6919
250,TXqFzIHLX7QBy84EMiuS6rxG0YTpKelkWb,7856
251,TXX5Dg7uYjJ8eTcOMQs4EPtirpkbWLqaFB,4299
252,TXTuhEn3dIwCXqK74g0jUFtyDfP2SzQLH1,3266
253,TX1QYvVMSJ6BsZfWwPoKgmdIL9zkjFGRHq,4017
254,TXw7h4RzJDAMmYncQSKVd0TksH6NfolIvU,6635
255,TXoS4we8n7WFJEOI0yTMLhC6sixQHrfkdA,3121
256,TXgVzeWSCij5Bw7PryQETvIR3klHOpUGN4,3740
257,TX2ni3uMwXNkmtzIhqJ9Oj0aF8CGsfE6SD,2652
258,TXdsfDtT5lk0HG7rBhpweRgEvLFYJVNibP,8879
259,TXzVlxR1IejUFcikvf9sTBhXHLrYSGwtgQ,8521
260,TXcT6wSgsmkeZr1OG5q0PF3pi9oR8DbM4U,4803
261,TX6quRYVBn32gNjmrh8aQbEi7WvJZpoIxU,6484
262,TXFx7An8kCHzXEoMPs1Yf0UWtlVgu9Q2Jy,2974
263,TXEA6riesWQquhMpYIjG1fXNvz9S4lgOo0,8821
264,TXMQZh9wAyYCe3RfdN6qBlbaEr05XGoLzg,8887
265,TX5wosEzWCOhjmluDVNHr0J6vYn8qiSGMQ,3270
266,TXLMt3hUR6BfyGqr4xnk0m1wTuZbKiJYjv,7925
267,TXOCoyqpm6u3nZItsYbQNU9Va4keli2TKg,4877
268,TXFgBD8fPAauZGO6vtHhWwIEplTXr4dxNb,955
269,TX1pNz7EwlgknMVRFsKmcuqtX2IovZaLbH,5140
270,TXBMqdAFS2kK3bTmVWcfeZlpU4Xzv6hGij,9932
271,TXQNafbVg2rwsE1SUHzPnAhZkGdRu3yxMK,8581
272,TXhsunWbJVK9LjGglIoMSrEyBA4pv15F3R,9477
273,TXqc6BRfOvw2TULz1xNMDgtVk09754HrEo,9046
274,TX9TtuX0ANOgBQjmGWxMLK1iI3Drvw785Y,5459
275,TXPS075N1cyBGp2JrHLEwbKOCgDdAV6esX,5348
276,TXiRbeJD0B5O3s1QmG2fZz7HIjNrCcwyTE,2347
277,TXDkZwMa316QKgTjSvboL7iY8CE0I2WOql,5157
278,TXHMuaym9YS3bpsP5CJKNBlW8n7IDVX6w1,5176
279,TXZGc0OsAQXoDrhnYFkauzRywVmf7I5gCP,1246
280,TX6F4UyD5tbzaTYOSeVZGv8P7flHBjQqgC,1845
281,TXyP4YRWF9OjEV1uLTpNnoiCUm2XgIDk36,8180
282,TX2fkUEp63FzyMquOLw7NoJheIPXTQaV5R,5043
283,TXXgYOKZPAGm5IQ7w3zEiSaNxCjpndkW6t,3458
284,TXbjsgL4FnhQetiypP2AJIDxZdS63NRTrB,529
285,TXS15lvLGofP2R704zEcJCbOkFs9MHdxZm,1790
286,TX0FLNpxdWPbEmHYirI5JfZcMCy3j1SOgv,1051
287,TXgdyhGuAx89zj4TMvW7QEqPZ0CtlJNYwe,1524
288,TXajqXLwFY4uRzvNhpbTnAeZBoKGC5S0OM,5561
289,TXBpwAn9gxPWRm6MdNXF0lyaQsufrbZOSV,2099
290,TXvzlB87g0JGxswMoKRQ19fUW5qZYTH2cL,8297
291,TXxGhJsTOW4bHj16dzy5QYnvDcmB9PEoMX,4331
292,TXHxE8laAwnUpP2Oi6fC3tyKGv5WmjguNr,987
293,TX9J8DeKaBTcn7Rfrgi2Zj40CvoSu1H5V6,3209
294,TX8jpxWld2eL6HVwCsPmgyazT7SJQvfRok,8967
295,TX3mveobt9FACIkTBzpJY1uXnZ2Vd6PrNi,1054
296,TXwpUQTscu6jFWNlBY0ZbKEL14zdOhGxfi,9769
297,TX8vdUWPmO4j37AhInDgeVcqRyQCBsMtri,630
298,TXuY9yCkfeovGpVb6z0wIPsl7iZ2hWUB1F,6728
299,TXqW6GSnF4ksd1HIK8hL2egMNc5wJfTYXa,8705
300,TXf6xqPA7BCWlw9tv0pV1dIeoTnFOz8MbX,2146
,,
301,TXWB78Llt69eIwu0VRjyHpYiZkroUGNvME,6771
302,TXVU9f2mCYpv63F5eAByjzRlP7KangLMST,6792
303,TXgL0Q79bU3PY8AvEVJkhsKFROCmlx4iq5,7528
304,TXNHBfx4mJ3qLtWauhrcVZIDoQATYCKS5F,1803
305,TXSgb3xu5aMcPsNTkjEvdr2yiZGJAFQf91,1792
306,TXoaXxCAGn35Nu19r0hL4UjQV76DKvPHiO,1208
307,TXEdahF4HYeuCQDWy1PgXRfltJk35wr0m7,4300
308,TX39u2ajqWNQ1ZVdpE4ibtyROkFYlxTs7K,8456
309,TXKCVzZxwBqyEXfothNe3cg5sG80H6riuR,1762
310,TX9glJBUIKqv4hcXPfd8GTtoWQeV1mRj5D,9691
311,TXgcn4BNlm2XF8r5pj09qOH3fSMob7kRhT,7570
312,TXrOwfW0eHLUtzFxYqbcIs71DkM3Gjy4u2,1690
313,TXWjgtVdrEOihsZIkyBnwv9aMcqAHzLlxC,3479
314,TXqW9uYSIRFNeDLGCOzix8hdjg2lKfJAmM,8152
315,TXLSj5HTvDk3cbFqWeAO6BgoKP1mENz4it,2918
316,TXc8VX6z07BTd9tpoJyOr5FRMCkq1jHSfb,5872
317,TX3uWVi5pyGjkqdC2wzBHNE4bMTULYaOto,6749
318,TXV074WGzsevJy9dj5anx1lXIwQtPicbBC,8518
319,TXyBCIERfX051rq9276n8VKD4uMLmtSeWJ,9973
320,TXeQkyAVwR6fcxMI9YHXdgF7DjvErGhnlp,4269
321,TXRN2137L6WT9EdjtDZwzPBqAoIyiaxnYU,7820
322,TXDjIQ7UlVTxeaHKs0piwZ84omb9nWB1ht,5224
323,TXoCeJvSN4zk57dPnrRcwWiLhTf3F8HtKQ,8239
324,TXH6loIcySL195mC3U4D8FYdbxztQaJTXK,2876
325,TXoBGZIi3FTAn7rpga8vful9MjUYe5P2XE,7147
326,TXv9MtmwfHGK4ixFPkOQ6AUrjZNs7z3CES,2811
327,TXCuFq6UEin8ObTsj75PYLgB2WfDrXMVeQ,2983
328,TXZFbHKn81t6IYragiOvTJc7zNGlQMj2Xf,7642
329,TXpgKlwIV4xuGE8d6zXt2QNmD1v9qUFC0O,9710
330,TXbgG5yVJWmE9R7l4U10oz2DSBP3K6wpCI,4595
331,TXg8ltswcaBrVXdEmYjzeCND71AZ2bxMvi,2584
332,TXivXA63k5Po1UQS7FrtKfpZ4msBb8e2MI,8851
333,TX0lzGNEtXDrRwLUgKs5Mo87YkWJZ1Q4Se,5886
334,TXH0CxE5MTQBmyNPRljvLwUr9O2JY63W8n,2796
335,TXbwRzheLd5gV3TyDJ60Gs7Z4E29am8CFA,4575
336,TXXPF3eknY9ag56ds8lZB2mwCLcjNhiAHW,7242
337,TXYBIOQWp8HajLqPtwG1Xc4uZM7KflidC0,4638
338,TX97nxacHsBSuUCKWQyXbIOv5fGVreMFJR,9740
339,TXzShaDdvJHRUrM4qF1Pku2BAcLX5N9Kxy,7621
340,TXcyH1QnhI6JoemUEskaxYPb4i5DZRBgl8,5401
341,TXcO3thMQ2n59poe16rgimEy7XGjYZBkIT,6391
342,TXetmx5aHuZMcrTY3pzGhdACKInW8BvV29,7655
343,TXSw9U7x1cCIBQjio38npkd5AfODP6Hlmv,8332
344,TXCmgv52xunoOcARrybKTzfLh4ZldSst1D,9868
345,TX9UdHWr0Fu2A5vZPQbaGOVSwh43zlXiks,6086
346,TXbfFGWgYxtvdkpnrN7SeKLzjBiqHw4QTm,7972
347,TXAdHBmLyUnYtEcw583Sl1aZqMj4f9JPeb,9672
348,TXhS28zKnTc5B0uZLNoRmwelYVgfqEvJ76,7417
349,TXRMehV7U9KfwmNYcTz16bS3lLjBnq05yI,4354
350,TXRbZwXkTh28NIescmYu1q9toCaSWj6d5K,2536