1,0x51d310d5d0a9ddfb9765394cdc68aef5af45aa5b,0.29
2,0x4052cb25509da3ec25c9bb3910deb55a519069d8,0.55
3,0xa2008ccc219aeb88a24ff4ae37be1678ac8ec2da,0.54
4,0xd89c65dc6fd767effd264fc1580c88621ecc5e10,0.99
5,0x58808507bb69397432773299e382fce52894aa29,0.3
6,0x61d310d5d0a8ddfb9765394cdc68aef5af45aa5b,0.78
7,0x7452cb25509da3ec25c9bb3910deb55a519069d8,0.35
8,0xa3108ccc219aeb88a24ff4ae37be1678ac8ec2da,0.65
9,0xd22c65dc6fd767effd264fc1580c88621ecc5e10,0.71
10,0x33408507bb69397432773299e382fce52894aa29,0.63
11,0x51d3b1d5d0a9ddfb97a5394cdc68aef5af45aa5b,0.99
12,0x4052cb25509da3ec25c9bb3910dab55a519069d8,0.69
13,0xa2008ccc219aeb88a24ff4ae37be1678ac8fc2da,0.54
14,0xd89c65dc6fd767effd264fc1580c88621e3c5e10,0.99
15,0x58808507bb69397432773299e382fce52891aa29,0.3
16,0x51d310d5d0a9ddfb9765394cdc68aef5af45b25b,0.41
17,0x4052cb25509da3ec25c9bb3910deb55a5190e5d8,0.75
18,0xa2008ccc219aeb88a24ff4ae37be1678ac8e2ad,0.76
19,0xd89c65dc6fd767effd264fc1580c88621ecd2e0,0.55
20,0x58808507bb69397432773299e382fce52894a319,0.31
21,0x51d310d5d0a9ddfb9765394cdc68aef5af459c5b,0.52
22,0x4052cb25509da3ec25c9bb3910deb55a519069d3,0.64
23,0xa2008ccc219aeb88a24ff4ae37be1678ac8ec12a,0.75
24,0xd89c65dc6fd767effd264fc1580c88621ecc56e1,0.87
25,0x58808507bb69397432773299e382fce528941a2b,0.62
26,0x51d310d5d0a9ddfb9765394cdc68aef5af45aa55,0.73
27,0x4052cb25509da3ec25c9bb3910deb55a519069d5,0.82
28,0xa2008ccc218aeb88a24ff4ae37be1678ac8ec22,0.67
29,0xd89c65dc6fd767effd264fc1580c88621ecc5ee,0.84
30,0x58808507bb69397432773299e382fce52894aa99,0.74
31,0x51d3d0d5d0a9ddfb9765394cdc68aef5af45aa5b,0.64
32,0x40525f25509da3ec25c9bb3910deb55a519069d8,0.53
33,0xa200edcc219aeb88a24ff4ae37be1678ac8ec2da,0.44
34,0xd89c65d9afd767effd264fc1580c88621ecc5e10,0.55
35,0x5880cf07bb69397432773299e382fce52894aa29,0.49
36,0x51d310d5d0a9ddfb9765394cdc68aef5af45aa52,0.84
37,0x4052cb25509da3ec25c9bb3910deb55a51906934,0.57
38,0xa2008ccc219aeb88a24ff4ae37be1678ac8ec22,0.58
39,0xd89c65dc6fd767effd264fc1580c88621ecca10,0.61
40,0x58808507bb69397432773299e382fce52894aa93,0.28
41,0x51d310d5d0a9ddfb9765394cdc68aef5af45a3ab,1
42,0x4052cb25509da3ec25c9bb3910deb55a519069e5,0.73
43,0xa2008ccc219aeb88a24ff4ae37be1678ac8e2ac,0.81
44,0xd89c65dc6fd767effd264fc1580c88621ecc5e23,0.71
45,0x58808507bb69397432773299e382fce528941a4c,0.8
46,0x51d310d5d0a9ddfb9765394cdc68aef5af45aa77,0.28
47,0x4052cb25509da3ec25c9bb3910deb55a519069dd,0.9
48,0xa2008ccc219aeb88a24ff4ae37be1678ac8ec2dd,0.25
49,0xd89c65dc6fd767effd264fc1580c88621ecc5e1f,0.76
50,0x58808509bb69397432773299e382fce52894aa29,0.35
51,0x51d310d6d0a9ddfb9765394cdc68aef5af45aa5a,0.71
52,0x4052cb25509da3ec25c9bb3910deb55a519069d7,0.28
53,0xa2008ccc219aeb88a24ff4ae37be1678ac8ec2d8,0.9
54,0xd89c65dc6fd767effd264fc1580c88621ecc5e11,0.31
55,0x58808507bb69397432773299e382fce52894aa27,0.94
56,0x51d310d5d0a9ddfb9765394cdc68aef5af45aa4b,0.6
57,0x4052cb25509da3ec25c9bb3910deb55a519069d4,0.85
58,0xa2008ccc219aeb88a24ff4ae37be1678ac8ec25a,0.26
59,0xd89c65dc6fd767effd264fc1580c88621ecc5e17,0.67
60,0x58808507bb69397432773299e382fce52894aa28,0.77
61,0x51d310d5d0a9ddfb9765394cdc68aef5af45aa4c,0.63
62,0x4052cb32409da3ec25c9bb3910deb55a519069d5,0.91
63,0xa2008ccc219aeb88a24ff4ae37be1678ac8ec23,0.77
64,0xd89c65dc6fd767effd264fc1580c88621ecc5e1c,0.59
65,0x58808507bb69397432773299e382fce52894aa21,0.98
66,0x51d310d5d0a9ddfb9765394cdc68aef5af45aa1b,1
67,0x4052cb25509da3ec25c9bb3910deb55a5190691e,0.44
68,0xa2008ccc219aeb99a24ff4ae37be1678ac8ec2dd,0.35
69,0xd89c65dc6fd267effd264fc1580c88621ecc5e10,0.52
70,0x58808507bb69397432773299e382fce52894aa2e,0.3
71,0x51d310d5d0a9ddfb9765394cdc68aef5af45aa5c,0.69
72,0x4052cb25509da3ec25c7bb3910deb55a519069d3,0.31
73,0xa2008ccc219aeb88a24ff4ae37be1678ac8ec21,0.67
74,0xd89c65dc6fd767effd264fc1580c88621ecc5e15,0.27
75,0x21108507bb69397432773299e382fce52894aa20,0.55
76,0x51d310d5d0a9ddfb9765394cdc68aef5af45ab5b,0.54
77,0x4052cb25509da3ec25c9bb3910deb55a51909cd8,0.57
78,0xa2008ccc219aeb88a24ff4ae37be1678ac8e2f2,0.52
79,0xd89c65dc6fd763effd264fc1580c88621ecc5e1f,0.67
80,0x12308507bb69397432773299e382fce52894aa29,0.58
81,0x51d310d5d0a9ddfb9765394cdc68aef5af45a44b,0.91
82,0x4052cb25509da3ec25c9bb3910deb55a519069e3,0.59
83,0xo32008ccc219aeb88a24ff4ae37be1678ac8ec22,0.72
84,0xd89c65dc6fd767effd264fc1580c88621ecc5e16,0.3
85,0x72208507bb69397432773299e382fce52894aa28,0.36
86,0x51d310d5d0a9ddfb9765394cdc68aef5af45a55b,0.27
87,0x4052cb25509da3ec25c9bb3910deb55a519069e4,0.88
88,0xa2008ccc219aeb88a24ff4ae37be1678ac8ec28a,0.41
89,0xd89c65dc6fd767effd264fc1580c88621ecc5e14,0.81
90,0x18808507bb69397432773299e382fce52894aa20,0.44
91,0x51d310d5d0a9ddfb9765394cdc68aef5af45a8eb,0.41
92,0x4052cb25509da3ec25c9bb3910deb55a519069f8,0.44
93,0xa2008ccc219aeb88a24ff4ae37be1678ac8ec2af,0.83
94,0xd89c65dc6fd767effd264fc1580c88621ecc5e12,0.29
95,0x58808507bb69397432773299e382fce52894aa23,0.85
96,0x51d310d5d0a9ddfb9765394cdc68aef5af45aaac,0.68
97,0x4052cb25509da3ec25c9bb3910deb55a519069f0,0.98
98,0xa2008ccc219aeb88a24ff4ae37be1678ac8ec288,0.88
99,0xp19c65dc6fd767effd264fc1580c88621ecc5e17,0.31
100,0x58808507bb69397432773299e382fce52894aa20,0.48
,,
101,0x8ch0qk3txlw3ysnqoe9ev0gjr6q6oiuxi33chxvb,0.81
102,0xozem78p0u3svdfdxl1qdu45e1p6i8evlbpx49xla,0.49
103,0xsejqm0r0a0jk86d29zumft8qnv26g4dl0k26llm9,0.55
104,0xpp66d3d9sm1cd0vct1noiyw2l7zoh5fkszrm37yy,0.9
105,0x8sqzsydxy88jzhhmj4pjb3hag6qmo3mjg0ak4z6b,0.81
106,0x5mw8oyw3k7v2lb5z7poowf0k0rj0b0zygq63e2ah,0.86
107,0xa8h1d4a83fbhb8sfzmn4kjxr9cp26nhog6idquob,0.57
108,0xzw7dei2yf5cb3gpxqoyzjb3drstwf72qjedxxwwj,0.36
109,0xbg0igunajz4hxgn3q0lj3f6srx7vdsweonnu8trh,0.88
110,0x3ksq1de79n5ou05rjvgu3w8vby1d9kpn7mre5z85,0.88
111,0xjdx5fl3yl2lg4f12m34tx3fvu0w5fd8w12l3ndtp,0.64
112,0xd3lg0kb3x1q9cqr8htbqk61h6udg4hftx0k16mct,0.7
113,0x7ue8lzlnahpob4u0occp6uo71ezyzpy7xdx5v9sx,0.49
114,0xc0zz0hkafhizrd3n34fukr3zccf2qb8l8jl1vyvj,0.53
115,0xy7m5ds8qtnolm1t8pul67z2qfhdrliqrug14e1ec,0.89
116,0xfy6rp1r7sd3bgu7a6ak6ik6m2yvdbz8mjc3flcfz,0.96
117,0x0fxzl0bfi5jrzr0bzsuiucuzn4vskxlhdv0s64vw,0.98
118,0xixt72yagc3rvl69p0z4ug7sj3iwlqjdddjqokvke,0.38
119,0xte7j6z5ayev5nzw1ohgnsi5a9fbdghvcd6d6ot77,0.69
120,0x57rdp14kxcuwo28afhrb19vsh3fxv8y36hq3c7c7,0.57
121,0xqihfryxj1nu9th23b9eblwo3s3yn4fadjtnioa9d,0.63
122,0xwvjv43kjzo4ucaig3pjbvx4zyccqznvdabu00fxw,0.79
123,0x9xzz4ve3wyi5wm57v0iw0v5phz2jduq01s2fx7m1,0.47
124,0xbduw4ml6fiwz1rj2lyqoedze60q7r0du1z0urcgm,0.6
125,0x6cgtlydiiex3x96vxs8ifel6e3zkiu5tjd1vjro6,0.41
126,0xbxyxu1iq80cp8fot97frt4dbwogzjz38dx0wi79y,0.37
127,0xne7gtt7yfkn8nbs40ll0ksg4bxc6fihcl1ke39r9,0.81
128,0xq0erlrftuzajzki8r8xr74jdu1wjqszdgdqu2n28,0.73
129,0x9b0yjlsplprpck7thw0gl9jwr9w3oe5ivxxqtef8,0.54
130,0xdrchh08k6gcbhss8w0uxty3ptgtoavjkw8j7gffg,0.41
131,0x4rcisxsl0u2nl6mzf5itjl4xctgkg9lf6v2fk1y6,0.48
132,0x76v1a7klhx69pjiln9b5qasobxct5o2a6o1y0b8r,0.83
133,0xdn2sf1i1c6vi7j2v6q8tc1w46v0atzgv73ldvcyn,0.97
134,0xwctqmu4wkny2h72s8dqbsmgphxzplou9bc2xhdxy,0.51
135,0xgqak24fia9vyihpvsr03xtz6o2dgx6zt0ic98d9p,0.7
136,0xkw8j48e9qlb2kjgt08tyy4eic05ogswh2vfxljot,0.39
137,0x1dz4jtyo4qjqdd2mzw59q3ul7k9x8gugv84fn6df,0.93
138,0xwyc5wtt4c1aod8uj8h9p25eg7mf5qmt9kvc6sj7r,0.29
139,0x62q18xt2oevcsarlg00zvdh48yfh77jvl6m38t1a,0.84
140,0x8wwnl1iofzfspp9i11q5gdx6oe65qnlgjfxhpozu,0.62
141,0xfow0jwxh8yk8dtkvme9xjz0h40xfg3otvu2vxn41,0.96
142,0x2icd0wn88bfttsfow0ud9fh0fs5cdo0lbdvxcvqy,0.38
143,0x4vo1ht9usd5vjx1ezp7j50u2meoywzqr6fei9vo0,0.7
144,0x4iduy5rjb7llfje5vxr7yj9zooak4joqye1wrdbe,0.87
145,0x44izltb4n13fbirry7y7e8i0c3sb5p0wge9n3d0c,0.6
146,0xatp2yzzl3oovocvtpxps01ecac07fvi4wjftw8xj,0.45
147,0xbi7q3pbz4li2mpbgd36w5snz8nh36ys1kwr3swae,0.49
148,0x1s6brqyr6qlf9ospiwhz6jzeuhewvzgkq4xy2tgd,0.29
149,0xjc0b3be5t37f6ghw5nlndvt1sex14dfxfz9npzuz,0.69
150,0xlfzg0l0yvl7h7vw6f02eh5g8tkfm7qlh5hulv9vf,0.56
151,0x2sxvjzj0vciwkja2e6ln8oqpwgptlm0g7i1mwfet,0.38
152,0xie9eg0b0eplff6hzz38n3a6pd4gbr2oavk8gb5m9,0.88
153,0x6os1geju96uy2p9w9ntcqz7y9ze2ihwz9i43n6sp,0.92
154,0x3xmpw9c5gg9k5gip2ayb7o59crk4fxlrlxzw4v4d,0.67
155,0x7vg7by6ro17uia8e8bw8qnr45qjg53f60y83dvm9,0.76
156,0xhms7v9d7qz3xqjn22ru99o4ywh3t4zxlqs5uqzqc,0.6
157,0xfi1idjjbof9pz9pqv5tm6owawvgq6zofbcsujvv0,0.34
158,0x37yjz79vugthkv98jwcw1ned0g3bdx9ssuq7gwt3,0.84
159,0x29gtzwd48xxdyx6xpt80io2dqo7iaajkhlftw3qj,0.89
160,0xfbn71k96xx1m1oc9gr6g7cfbdb7pkv5mj5uxyf68,0.89
161,0xodxz8xet15w7l3tcuw85epgz3gtoh1m1px5sv0uy,0.97
162,0x17wxzoio2du0ihglselxqouy9kqs7qx3bevqnbyg,0.85
163,0xop2v2kax7bhdkal1z6dm0sg4us0pr3lvzj9ksgtj,0.35
164,0xwjo3kh4i0s7nt9sxxn50n2b0eksnbdvjnll8amx8,0.38
165,0x05emobz9b9q6mc23ovzx7pezz4mhoq7rb2srb3q2,0.75
166,0xno9kav0j6g43dx1l2gxxuysxfquc28k4j11bg8tj,0.76
167,0xkcg9g1os9hhezo9ki0jx1hz8jfjx68pp7i42apnn,0.77
168,0xwt30b5s9j3k0kpgvve9ztnaygrrwwk0udqavpbm5,0.55
169,0x38rnmq3ehbuo52e5w9w9wqvnlkz0n5x0y7f2wsog,0.41
170,0xht63kn34znm6i8ajx9ad1huh9ffxuknhn9pg21kf,0.47
171,0xhsus7dxpdnc1o5y61yv72ydnf5t07osn8ug9z2sg,0.53
172,0xnrkobtr1p36pb7dzus3k3owh33k74k4c58rck2js,0.54
173,0xigwjxhzhsp7d2xdu06zsp7up80yj3anx1c00vkns,0.9
174,0xbytn6dbapcpw4n1x46mwtfsh78fsgcv8e85jcrwa,0.44
175,0xpggmqumvyerhbmffsi0csp9h2p1zb88hx4jl5si2,0.71
176,0xu14t8uwcu3hvso0uc1jc3bi50rczyk6mfxcymyj4,0.5
177,0xkvv8vz8o0oxzpe36rr26t5lgr0t7am1m6rkut9i5,0.81
178,0xg1w4b3eehlau7wdpq4v9c0i63puhjuylq96i0p1e,0.76
179,0x17v28vxx43t3u0gdznb52lcxym6zaxqq1u1s0q51,0.7
180,0x7zq05llab1umfc5nfe7fs1lwno4m28lml6wqzfx9,0.91
181,0xe6mumcqbm1fqbwd94hakgg58lxkxik22qb2x5mv8,0.46
182,0xv7sy1h7l1i45xgdh5ahfjy66m8ux6s1l5mpaodw3,0.35
183,0x9uojgtg6kq3wydcyc76xs3zn4glxgr7m1ej2fhh1,0.73
184,0xfj57x2y2ob3cbt3dz88mc5veq2muz85lehdhxqu4,0.37
185,0xkpm5oxpb23xv85oxk5h4d5qzdp8n6txs9wwgyhs3,0.93
186,0x0rkihdqmvzqkdxu4t5vn1pp3n48bclq1ng8b0o74,0.8
187,0xlvl7atqimnt7td0vyuqctrm97x0yv1s6j4pfus01,0.44
188,0xthht6r3gb1q3il0w6fbya5flbsmzbtimkhbj6wa2,0.39
189,0xv5y5nu9w5y0b94g3l5j8s5ndpt4o6k0lr4kaz71e,0.79
190,0x7x6am8f3uyp7emn7qeyn4yt4mwft3et62a88mw6q,0.54
191,0x3qj9ys9hmj2bj8s7h7xcp9duu0zrktvdmxofbjrw,0.66
192,0xix3mgfivwlgudikbtsiqrw1oqq08jjp0dzfvo36w,0.54
193,0xulq9ppqpw0pumz75r8e8yfb6l21vz06t65aumww1,0.99
194,0xepnlze2ikctd4frn0oceskkak2vm59tvvjgxxoj3,0.91
195,0xnojr97v41t9cm3r8vybqb9vl7ydb8w0incoxe7d2,0.72
196,0xbhgg7wh0f3lkcm6jz99h36w6g8pxk2l0c8x7clwr,0.69
197,0xrk4yjy5mwhssz3lke3uxoys4slyvojqj34cveva1,0.97
198,0xu55nplb7qxvuf1v6c62lg2h29ayhtx6c52pc8z92,0.83
199,0xdg2ky1clct0umzg8vlkb42c5u1l1s1ojhn8by6p3,0.93
200,0xvn7gwhk0e2r2ypqrbwqf6ehdwiuug8dq49rxcab2,0.97
,,
201,0xcb52dyjn4hkgrvt3qie8ej7f5956fmyleisxa1zb,0.75
202,0x1mjptep38l9wgqkjbtb3oc7u0kutwzcmnlfqi6gd,0.49
203,0xc1vc1c393nw60bprimdmjwikjja2v5udot47xhwe,0.76
204,0x98exi1lh4maw7dz4k5jve1fg0z3d8sq2hak8ot2b,0.9
205,0xz5yjgbv3opmttb22n8ix1re4v906lknjuhhvlkgr,0.97
206,0xh83ruzeriu1wzqapmrly10da2b2bye706wk5c89h,0.52
207,0xh3js2heilz3l7trg1yrb69tpnuo5p8v9qwdiz1ib,0.73
208,0x4tpjy1o8cab2mx3q2rxhde0f5nso9wgvstm7pc76,0.78
209,0xppav04ubhb7o8nuyi91hdun5wlv2l1yeqai2cim6,0.25
210,0xlke9fiowmvuogmp7wetfe61s3qb448kvsc0hl4c5,0.28
211,0x56gghjopgo99780kqv3adfvqny44hreerjulzz8h,0.56
212,0xn2hy75p2m9yhrlmj3od6frks8p65zpzqqkhixbwd,0.37
213,0xjm5yt3qc7eyr7bh1kmzl0ip2zcv3g9xo0s2vqcs4,0.69
214,0xtfykirzq7hpna6ivmlzgmqjs8bouvs2dvn4p355m,0.34
215,0xq5wovit0ysel328of4k7zmetod2n9ubpn1h3v84j,0.25
216,0x2kusx7h43jqi64eb2c5les1k3gr1uaa6drl6bnv7,0.85
217,0xh3grcuy3eas6ywb7maf4fzmkq6tjggkzo2rqr0zd,0.42
218,0xxp857djbd0t59f5asrctrhg0i1toe17shbzoiuck,0.33
219,0xxnk64t5suwmp14w6mr8jtegk5d9t9oosikhgyvcj,0.84
220,0xaoc5kunm1rn8ckczb7jby6lzsh1209hfa5p8vj9i,1
221,0xe3mcwt9qlzq2p478yne02bgztjur0um3wjk15qf7,0.89
222,0xp8edtbb8ukontg21o35egwmkxezjdu3zpw5qs30j,0.3
223,0xy6ps823c0tz86w5yd9nn6gnmkoacmt1k7vm4r3e9,0.6
224,0xjl74tdqc0r5njyf8pka5csnn105mp6o8w1wdifm8,0.78
225,0xbznamjsrqaxnsn85fte62zegpy11d5alhxzxdrk7,0.35
226,0xjr6hmw9b022opmdhkzjv1dqu768f0vf6a0u8eph9,0.89
227,0x1us1gi84a5r5rngvlw679fsn2kqtjms4fvhunhay,0.51
228,0xifabi72cfhop85m336xfgvg41artxeye6p70z2mr,0.62
229,0x8hn49rdf0x4nol0hbckrm7lb8ywqh2j51sgitt3v,0.47
230,0xnqfg3khvydboz0z8db1xymwa661gssk9r6y4292g,0.45
231,0xyz2gart73fq389vh8m1ioifpth7niz0y9e6dp3ur,0.63
232,0xz2bkunesxroq6ajnn80vqtlg9jf702qk76c3mkiz,0.73
233,0xw1twy7rlkg66aevqp8o88nimfwddznbfchee2isu,0.88
234,0xo7g5z6lrm1w6lgo2byvci9qe3s4bwd0d2py0aznk,0.43
235,0xj0uwgvakohs7iufw1x7woz3c3s2ercvt09e25rnk,0.67
236,0xzljpw3ydqwktysy2lo1xaepbfbi7qtvuin075kjn,0.96
237,0xyr3ndvuhvmq90k5c85d563934wb1giopztt02h2a,0.93
238,0x1yntg38oxq7wlj6uqm7423itn59fwrot8zhfnbkx,0.83
239,0xlhw1fqvtxrgq64jzlw09e2kct8sho13b3y4gm1ur,0.33
240,0x6b8d7azwuq29tagf54nj8nix9jkm5imapsv6nle5,0.87
241,0x72c9b4qsfywkkgfgoo1sw99dztletmwql6dbzj2b,0.98
242,0x4hdgcn9512zr4017bsw4wj0nkofazlh3zkxvmie8,0.92
243,0x4qswhl6eyi19zociuzyngxw73eapxyth69rzuckt,0.66
244,0xwqoytkcgnpgfq2m7sgxiv6dqdyshtl93eb74whry,0.84
245,0xu33f8d4y2ch8w2jxhe0i4vlsqz4bp5mcydov7rfn,0.31
246,0xm5bqcdvklw856sd2reyli0b8gi1k36afbjnposp4,0.65
247,0x2x8pakdc9lpsbqhu840ju6veyz8p1yk37ryt5axc,0.42
248,0xioy43autf4k69mbtkg892szjyndng70b1dp7quri,0.78
249,0xs36wm693qy27sr98hb85u9jdgez5k5knflo4bfj7,0.95
250,0x1tx4kr6o6bwojk1nhqabx0mqqlmj23lgu67knfvv,0.75
251,0x45ygdift6erlhqm1kwguqhn7v42fszobd3idracc,0.29
252,0x1blslp3c6mxczbgjkq5gwelkt2io9v2ejb89dfmi,0.49
253,0xmqodjp06gva4gyk9pcu50iedv7dx5nnx4sqziwne,1
254,0x1l5ybvbn2d2qew8grzju4izwdgon8f7ixac5pryv,0.43
255,0xpe868c33nmz0236bb5yxxpg2fjjgoyjum5vczzaf,0.63
256,0xpjcim3nmbhyqvq14ug47dvgao28abwtxx653yoh7,0.5
257,0x4by20vc79yzegsxvdyp3u8rkbk8oswm4pj7zhgkj,0.4
258,0xku31scs39btbmlq4ek65lo00pvz2ylhmvqvozwct,0.98
259,0xzx700h278wv1y8y2f96nhaf4pkwzdhf9takaslvl,0.75
260,0xz2yjnghf4h5sr3qd8vx4elnjlywfva52ofuck6e9,0.94
261,0xf0rws7jmj8i2a0deyzph2xikbotgmz3p66uu9fjl,0.6
262,0x706w959riz2vre58xofkdx1sml4zqmpolgiedcuj,0.53
263,0x5cazpbjw7bvnslxg2etqoic96h4j7lu301rupk17,1
264,0x0b39p84d5stuydr7ou4glhgm5cqn2rbjoeel7v2g,0.43
265,0x9h66v2n8afxuec07gollc2mr1n7gpepbidut0r6d,0.98
266,0x4zym6adrlm9blprw82xh46en0vtgkh3vci5xpqe1,0.25
267,0xn5ro5f1e0u1kd0ty95she61wy7fgu4o2ijhgpknz,0.74
268,0x2f0itoiku2xfvzypard1y9s6lh73s8xekez04w19,0.76
269,0x5cdhwl3j6uye3xev0rjbbqofc4v8ytlk9urh11w9,0.7
270,0xpdyb3obyek92qiegkz9b78zxh6xg3emavhfsrwa4,0.96
271,0xkvjtbb7ht1xmojl90l8to5kqny1v176egegdyh4x,0.99
272,0xqp9q716i388wd3fubki0scenra6kbhw4ppy1czmq,0.79
273,0xqtcmtw7rfucl8hywh06p57329kg7funpdfibq2ja,0.96
274,0x1vu4awc8eoqtgailuj46f1rdrpb8kf60nh7cn3ym,0.71
275,0xypy1902im2ep0wvkd5otq3g6itwhj4u4muv37y4n,0.49
276,0xhdaimnu7ud9t3j8zwz9crb3b10b0x5l8vkkme9n3,0.7
277,0x6u02z0co4jxiw7tgnr5yjf2pk1aw6o0efweym4hh,0.63
278,0xfpem9m8foz4vkpon1uv3hilldenh6grvmjnd5s12,0.72
279,0xcm94amyh44lkwruh2aafepz70u8yko7bgx5p6jsd,1
280,0xz0n4y3u6gpu81ra1vzxrghmjijl085qlbws2i9d6,0.29
281,0xhybz2m7kjcbx8m2ve3lru9pt6k3os0w5fqyuniqx,0.33
282,0xqv427sil046hohgu7jw8pz0d9yskfwsuauv3nbko,0.48
283,0xor3wkqi0d4gjfv0pneixce8b28tu3caws9y7i9ub,0.96
284,0xtlpz7ge59fxqwugibn2sw707esarfh1bda5vtxj8,0.83
285,0xfcng0oyt4ls17ibulh8jswnpegquvtc8x0p9ezc3,0.69
286,0xlnnw2wr53oj0u5yplqpwf6i7gkyvkzu4ct0bo7es,0.83
287,0x4o6vcsnz15t3hkfnabixvxl9qahb9z7tmecsh7w4,0.84
288,0xclgatdfdarjpxk7gioypm0tr42flu6y155srijte,0.48
289,0x4m0zj9o2qd875rotesezwpifaix48alc31q61yrb,0.33
290,0xb7ps7ydlogxqrfwzypad4klqa9o1c2i3rhutsf11,0.83
291,0xbuyrcru5e1umtt839ye4q41m1hk7432dndgz67n9,0.46
292,0xinuntx9494gd66qhwz0lyjm2vf7st288s7mcmye4,0.88
293,0xv8v2ce66lsds6agwbthy8tkzoyr4qo2wefmpxjqe,0.81
294,0xbzwzm7toqg2xe0kg66lr5aduqik63i1apvojf99p,0.98
295,0x75b4wra7fx1lbehuz0mnqjpu0z5ee71c0i99ystg,0.99
296,0xpsm59dn4yr7ckcbw4obgehjn21qy7wkh8dcai178,0.6
297,0x0fwtc1m20l2n9ve77b1bhnpdf8db35jszqlcq039,0.7
298,0x0l2xontzfp385cv9jy0pjeow21c6bkjkzv9chx4m,0.39
299,0xil237ubg66kmvrtvqg149hyo2pmn70rmw4z1dgf5,0.87
300,0xpgdk2l73xkg0un8l6yxhtoef0316cjbymyqof5b2,0.64
,,
301,0xin1y4ji78vodf81exs4lwb5rmncd4erqtyaqkosw,0.84
302,0xb8cqxoymrceno7xn5nf405772jy2alp6il1i9vbg,0.89
303,0xmzw6rqfu4ydhxogbk7fizb1cwmxy642r3d58oa9s,0.59
304,0x086rj1vk5demaryoy3f7802v2fvxedw1t9atiisq,0.3
305,0xix4rpals30f5ghkf0zelhc7vbwptxzu75vj60vqw,0.95
306,0x7ktu1z23854w9scidl6mgclusg4e5fefyrdnxatc,0.85
307,0xybvr3qn0bj3144ar2demj2iy4xzvtcd1uphzgf27,0.34
308,0xdxpolw1umalr174nenzvhaly5d3amr0tkjjihzu8,0.61
309,0xelq5kf8ocewalo0d10xvcg98iu53gpr7gh13fayv,0.31
310,0x8tqs7ev22d5or9v940kgt5hfd818cojiq0ug3yf6,0.73
311,0xu5nzadg1mb2jeydaq8q93b9jlohrivltodkl27gz,0.33
312,0xpqljo0tl263x3bq507ni7mk9n8mlj92truhecypx,0.69
313,0xmeryok1z5dgixqb6p49d53hgpc4ysqgmb0chju3n,0.25
314,0x5vioak4t7cagsyznhbic09yl9tpzjmnic78l6mmx,0.96
315,0xnyyfg0587fa37w9xaqe66805idn4clzvaphd314p,0.62
316,0xae5gabbc62uj6fotcy26mcfr43drjlw7w73xtvkx,0.59
317,0x24ndiagahq3f79xjpl0tloeb3uf2y2461kvks7am,0.52
318,0xi6yehmcp4ldo8p61tnzgzf6fbjxawbehtxu453bs,0.89
319,0x9bpwx2w29l6zjsg4v3t37fyihtnif7br8z5q1edf,0.71
320,0xhi5wba94oussrvncrejg0klbifet7k2gqzc8hus2,0.44
321,0xw44zmq511dr8oyzoiblbrsaqkt25xxwj938ffqls,0.65
322,0xp5oc5n1vvdbizsjyu1nye7sj6oadhmqlrf0un4ki,1
323,0xxf4d15jycbvomg6eupcs17sw87y3jtl369jkusxh,0.94
324,0xg37583pht3py0c1slzew8jw72zdhjnski9rb8wuu,0.61
325,0xknwvlw5c1dbeczns4khmc2hlpgamtfp7bvr2t1vf,0.7
326,0xzb4ajgdqcisj59r1w0ieqlt2ewxb8ky6wphauzo6,0.25
327,0xp9h1umw4izkpea87tk3h5d1mgf7k1gq3edywiojb,0.87
328,0xj2ntfykox8tdg1ovimrcrj3buk3alpdusilca8tm,0.91
329,0xoq9j2ze8rup1qvit3w34x0ambi1ugzndoh2sc1sy,0.56
330,0xxfz8wmlpxi8k1jc56tthc9b0qg2yf3sudebi37ny,0.84
331,0xxyw1vrqxklv39t49b3j59lr4v8bseon4pau0jgqn,0.47
332,0xgcbzh8bvrx8iybx2th7c9qkcvu4wp8zo3oos64vz,0.99
333,0x7rjtc5vbi23f90e8ojue612hwj9ziud8gndarmh0,0.88
334,0xd6rq3se9izoc1t3ec1du40fyav4zmbrnj7iqn9gg,0.53
335,0xydhocaelxsvehtjb9932q65ibprufd75yx1u22lf,0.61
336,0xi1zgkwvnum9oxd06cwgc8cq6r4jmak5b4lpyye8u,0.67
337,0xi82knp9qbjezyewtx2f9zhxqgr6ph7eln1a0cvms,0.47
338,0xs9qh0pewxtjtuxh4vrct3z6nb2c624z0qjcvr3m3,0.32
339,0x5c5ihx75nvrppdouci1kmexb4yf34i9wl3zu91bz,0.26
340,0xmj6o1o23v53vwgfxyjklg70ztriqeh4vbx8npw6c,0.44
341,0xpoierhwedp6ju5xyq23y38aclnz4vf4wla0ca1kw,0.76
342,0x3efgxxn9wpyummc2q64yp8u5ukayd8l0ae1z5j8q,0.91
343,0xapvemzdnsyj1wwouvok2z38lhx61p4oq56386uut,0.85
344,0xgc4rcoavyyi8lotzis8dptzlk409g3bmns87pj0q,0.89
345,0x75s8o7t1pumdqxz26njybgh1ri5xwc0gn2k3owp9,0.38
346,0x9dgu9e1fy2iev0xrx5ocmrq4ahstpyzb50kb2sgn,0.73
347,0xev3y9qskjflqi1paaroh0qxidx0kkf8d96yl052d,0.64
348,0xlbmtv9wgn2lou09r8gr5dphmephyzaasj76t09h4,0.65
349,0x749sn7cagl3xo3ubee3da026joxrj9wztwbtev0c,0.82
350,0x6mujuxzyihnwonwesshri0flr7x6qffdayb1gn8p,0.61
,,
351,0x70n8fwdjbgia3x7c8vssq2wugjzrk4qyige650uf,0.8
352,0x14j82c2u8rwtnep6gal1z4x57cbvrnbq1yrlhyqz,0.59
353,0xozswhueqlmqnf78vqs6ecm1wbxf90bjauh9o1yz5,0.89
354,0xefv1qgv8da9icwdozmt7ux70pvsnnks02q3dkeg4,0.82
355,0xa4p3e049ge3y1rhvdmrsgtof58vzqrtq1hjoxlmd,0.35
356,0xb4epayftk2e1diu3i94e7cxkfvn6a8kjrxzmt85c,0.62
357,0xpnciqjp5vwy1vz5ekb7txb094u6mq1eus12whagc,0.84
358,0xketj1kw1tqjzp6dqddcspjk3iycyxw9gsbi6lxbv,0.32
359,0xsp6i4zhv1ammals4d0e3frqlp1tztc0ug3ptrcw7,0.38
360,0x2xd5xgmj1r7inl2ayazikp4dtsdjyhp64c7v09sm,0.76
361,0xdi4w364rgboit06awscf9xfyevdsjhczwcom3efz,0.57
362,0x2dm1reep6jbavxxn2dgrq0vkb7ul1fs5myitr46s,0.52
363,0x7g19mndk38rj67y1hqynh3brlcs8mzv0wucegxzp,0.33
364,0xni78aqtnkvjctrj6w4bn3pqfgz8wx62p5m5r9hi2,0.67
365,0x1dkbxqnxj6w0pykg31m4ecywx29z9dz79avrabp7,0.5
366,0xbbcdx3dpch94iu6sm2hixg52fgo1ro3yvtlmu88q,0.34
367,0x8wt46qdtvp2beakwnvge7jfnw2uxc9h7zt7ih3sh,0.95
368,0x3e01ysxr5gel56a5md43nwu7kvol8nh0uq9upr1c,0.39
369,0x6a6yuzvbk0aa41ehretdgnq2jvu5cg785wdb7fmb,0.42
370,0xh4awzyxw3ifno4hj36xwd8r5q10x3lp6gukcbue5,0.89
371,0xs07v6pdy4kfltwcu8lm121aaif3n9s7mqhbo38gq,0.9
372,0x5mw20t7dqbipcoxlsuk81cqm4zxg6gp94uvul4h2,0.63
373,0x0cvf91ancurvlbtogqd68ahfksqmpjwbzxk1kuni,0.32
374,0x5b8e6d785nzr76hj15jifgmxuwbwoel71srp2cti,0.59
375,0xl9km0ouvcmspir62xx0zeg5ol44v3a9glud2n73b,0.43
376,0xdo3hlmb3eu8s66wzn7hl5kci9uri0g4iq974tm05,0.98
377,0xjkd7icsoxq3ckheitbtxmvaor72tsw5p5rpd2000,0.53
378,0xjx3c2eb1cd8wg7fl8x77e1u5nsxlp6km330qckq5,0.55
379,0xty87p4h13fkb1gje0z6lro1wjgml24thfz0vyagn,0.92
380,0xpkmjl4h9rdubos9675buppbx2qx2travv3tt6xl5,0.67
381,0xkge6q6s2ned8ftjj0vkq05lm4683p4czvya01du7,0.97
382,0x6phg74u4bqv0blyhcatx50bk7knpkqizgdxs5osh,0.59
383,0xujlxhid73bhzged5edmy07lj9sq41irozt3vrjsv,0.56
384,0xq834ejoxwylc61n1tgk0m8ogxthmp4h29lp5neu7,0.5
385,0xfxwo0fiea1mwpicy8rsz3nbi4gejdkxvndk30dr1,0.49
386,0xkwa30o3i4y0gncbrdvrzy8ja9dofmp6n3u12qvhu,0.94
387,0x4nfw87up4zikl16xawxohq35ex5q28zjsi7d0352,0.52
388,0xhxx2991gkly5vq8rmsgdk7jpu6pk9zofdi3svhnz,0.89
389,0xl1veyx2axghcbz9f6sczmjirw5eysouozmg738u0,0.8
390,0xaozk24l5ve8rygx0umhdfo1sq13beh9o63j9az0m,0.55
391,0xwkejlyf0udx6qmtmho0kt1wr9tbd8n3765p4daku,0.82
392,0x5ow08cpokfqghx6ta3v2widcz7a8pskvgnr5f80q,0.42
393,0x7dedc45pbwghyvz6idegwlsr76b0vynca29a4sou,0.65
394,0xhe72tf3cksqctla8ab33jmvvu5ekddir1zqiznbw,0.84
395,0x8ym0si2h1x50jntm33r8zifv7ksjas4oduvpao5y,0.49
396,0xoscj0lnucguk7bgovtjiehz9bvq86xyv421pksix,0.87
397,0xw9qfe7yhf4pj6b1mmx2k2cunvxf70grwlei83tsp,0.62
398,0xvftrza3mz01dqa62svmc9pyuop5od7r5f699gyyg,0.77
399,0xyrdt2kqv0p8chnyhjwuaiv491qfpmehv23kodf68,0.97
400,0xq3n1m05gsilf7o8rcq0qofvzzjxgjp4wrsni8p1l,0.7
401,0xotbwh5e7fqsmkbdb5xdsgj9ch534yanhxkuau7ca,0.75
402,0xynidrwjezc7kjbvo43m8zx36ltqt3fhf0g6kxqre,0.45
403,0xp8yl9bgby7h5ig9kwsktf1izzbv8radqtf2o5xmv,0.27
404,0xdh35qmfpbrba4rzlzoa0v6b4klycwx6dq3un6z5v,0.88
405,0xs10f108l6ezlp6z3eoprcdchmcbxavfvb9d9zwrk,0.97
406,0xxhhzol5vpzojyyv0e86512bdkzepx98eksyq8l1s,0.8
407,0xd6xdw6z4auamq8ipkot5njzzhvfr92xq6154iw5s,0.7
408,0x0xi1il3drir1b9cn1z47b85o4wylhea65w52gsg3,0.49
409,0xvkpb1n9cg8fro06f0cwvnrisatu2xlundxked0ow,0.89
410,0xa9t4rijrz761ff5bzhiov9et8c2o14saxyd4kw7u,0.98
411,0x9oaj4o4geuwb5lbji1rsmh0y3rc9uz58siha3yi7,0.51
412,0xld8w9roa2f8niqo01xsyk3n83z7ebmayupjczwj4,0.91
413,0xy8r13tobjv6k4tfkc5hibwsioqua1a9j2gdqmxx7,0.72
414,0xdpy4dag08kxpovn7v2hua2juvk96mw1gzrqacjpf,0.28
415,0x5hqyj1ndqvc9twhwunko8pgllrx4gm04rvt2kzo4,0.56
416,0xup1q3r1h9ndk9kzfhcf8l2xpa1s56jq9xmzbgi20,0.57
417,0xsxel0o8q7giw315x3m9mgr12dy7udsx4z9fiqk5b,0.37
418,0xqumhuudmza5ocdhxnirbqvzoz3ps9ewyf2tx7kfn,0.35
419,0x9azqiick40h5nufooy8mt3ptzy8sa0j1zwkbvb5s,0.98
420,0xbpj3tgmou4lsqqlntv17rui5sk7fa32bnwvxj72k,0.97
421,0xos1vzrraea4xx8pujtaqdubc20zfdvicn5n3h8fb,0.59
422,0xiyj4ffraw9vaap3tzwgsi54u6861x9kdipy7bkcu,0.49
423,0x2gs7zf5zywep1mwgn4oy05msoqpzw6q5osu0h9jb,0.32
424,0x9cijyxcjn51bp1meq6p6y93whi8fewu9bgkt2rl5,0.25
425,0xmpejnvq64olo1x9d1cub2rsije6dpf5yv7tg2k8h,0.88
426,0xh5r19l1gowpg0t316ehbbdiu8dyjmtxuxfim9p7c,0.52
427,0x2bz57fm6the0qgbsy3s5p1qm0i1z2vhg34osq8l7,0.41
428,0xcr7jwg8qtb64pxl7imorri5hon6fqcxvza089ul8,0.73
429,0x7xz61q7lp0ckm6oav2lwpdh5zto7mjfqyao0scn4,0.35
430,0x2bzsd7y3nrqj8m0epcohkplz8pj1iyvi3tra6q7z,0.49
431,0xzko3mrx85yuw17c27wfot0omi8zacbt1bsee6uvy,0.59
432,0xhgczgcth015zmdllolgpywi82uuqmfmk377waq4b,0.26
433,0xjfnmb19qy5du7cl03f2jrzka8qbarr6jsct5wyng,0.78
434,0x4l2k8hjxlwnn95zecz095d3rqv75pjm1srtkgueb,0.34
435,0xzb2wo3bezhnismxo9eqvvw5bh687dp0cugkcip96,0.89
436,0xzi3solwn6z4a2v8k8gydqq4m17t8x3f9b1d25byi,0.55
437,0x093hc7infq87bj7axu6yoyt3vqxmebuvhfp0n54u,0.72
438,0xd415zbkk2fx8xzn79cg3fovp2djugr3bqis51ik7,0.41
439,0xkmsnvtyf54bh6lotms709zdcqabutl4rwk8q8cng,0.41
440,0xjc0xpl8wug1oyi69z4zu812ffqrnyk3a05qd2tnv,0.98
441,0x9v6pf7gszqmu3unzuy956xmj1811laz2jhap3tsi,0.68
442,0xrmo157hiked7390wt8zdqufoh4iaku7cvpjus2nw,0.86
443,0xh04ykfq21jgovp4e9guiau71nvp73f03zqmvn6tp,0.37
444,0xzf3xca029eitkp2tv77ml0lydywdrham3cq1vfqj,0.32
445,0xqkr545iqhxvsi8uowz7tn5mx2oklij1wkl7fpaax,0.29
446,0xt2tdyj4zbuag5g7bekocs189e3qnorpxrhmi8rne,0.27
447,0x5s3bh1rlg9a5okfv60t8nxaeropmyw2jx2thomjr,0.7
448,0xd5fzm4a06csnjl2gsjvapdo03hknnj3bczysq959,0.83
449,0xcvz1kt5qgrt5hw3eolsulmijy1y4ljfz0xyekv4g,0.26
450,0xpznxedgj5xtuwai1fj076hyvc1qwtxroov7p1qpl,0.43
451,0x5hppkbg0yuo2nr68xui8tf4xiejklr3yzo4vr9eb,0.85
452,0x4tkw7lxid3ep6jf05owirbqj1czn9aos44q8lby5,0.37
453,0x2vfjaloh21bdtzwu3br23ccqrsh9pe5vmjj8twug,0.76
454,0xznqya80v5mv6vsuj0k202d4wgzcn59ir8i97w5et,0.84
455,0xwwnhiudhdxqf5n7jgyrxpjok3429llb9to66dmpu,0.91
456,0x65l6lzcu4s91n8zcw7yqhherix2y5y7x88k34gfq,0.28
457,0xolic1jobeje09whvkl15ae4b5inftoy39g0266zi,0.71
458,0xwqnht6smfxfqr4h4jcr33usl61j3kzvqlkziw1ny,0.41
459,0x2235ck1lzxg6jzf1b61opykeognydmw98vwxvx9z,0.66
460,0xon23lf0g5irzufmbb8qic8akxtl21nwu54lnr83e,0.9
461,0xr4ji0b91co29ly6ln37kzaqgzw1gvmqfz7pyc8sn,0.54
462,0xcoeqxit4f3h4ndwpe8dv1jqfk2tf0cx4bv1ir0ax,0.79
463,0xnsbif3hyn3vtlptbrueg8gi7fpa1z530rzudqpkj,0.58
464,0xq52rvch8xn2p6mdz9974lmxcgqxkyagbj7y3f6u1,0.31
465,0xshq7fbgibhku5tc1j5r2prmx68cvdor3f7pk21m2,0.78
466,0xa0osx7e1y6vj93om5j2flzmsiuxva6348dkrgtkw,0.86
467,0xd2hatorgzpv5u26szeaijfjbb603e3pr9ma0nhmv,0.69
468,0xid1lcmbuoalqwvx8za8xtdpvwodsq3t1wmcztspn,0.36
469,0x3ghqljb4r5io67nrykbzx2qf7g68oekximswye10,0.86
470,0x6n7h5d06n8gqenl95yjcgbrekv13i1apzswh3cxj,0.82
471,0x4odjoy1pbw6vs4urkyndgxh3c7ffr2auvui6io28,0.51
472,0xrtspwohfmg4kcakjjb8z6u8ys90bedxem2ls01ip,0.92
473,0xtln508h9v9ds47ndi6oabm6m38snhq723rjax3l2,0.46
474,0x3ozxtln4ilkjpei5niv1hhdfa6ujgbc3fdmm7czx,0.75
475,0xtgasbwo2xum0cra3t42xpl4569v7u3ykn6uihdiq,1
476,0xxyig736vwnhopmta9fgeoueo7bwv23icdyslzl8j,0.27
477,0x9f56rjkoao4zi1azqqthm97serg852la2mdwgdhp,0.63
478,0xrhxai3zpd8l0m6nyvrdvwai5khlfycic02wmltsg,0.57
479,0xw9abb4oiqepwu79ph5hgkpn01jwailvm7udggvsm,0.55
480,0x1d6z48vg9ntmyah3de4xo8mjqck8q0kvzs2vc9xl,0.59
481,0xmnpwwrgje05kcm2z3bn681os64lfya23wjflfg59,0.25
482,0x1uv9r7thqo5cjc7cwd2lvbjhatb8iy8f0ujq3zes,0.46
483,0xk3hsm5wlh20roqkyb6zuyaqzaepibmc1s90o1ytn,0.89
484,0xrxl11596apzyiqds8mr62ecfwouqt2k8z0hednvv,0.38
485,0x4e0c6avbmcw478prlgkhemhskz2itizf5ugy3cfv,0.64
486,0x3ubhq0lqz7gfy8gje8wmeoc6ul2kv1k6btpx26uo,0.89
487,0x1lj3n50dihkt4a3rfqepzggzjnjbhc1mrau5863x,0.25
488,0xqxnt6s4vb5qmzpzsw0jffsdowhi102703yfrkvva,0.43
489,0xnc50ipxtd7rf3rcgyxsajzqeeib419obkvzk0d96,0.8
490,0xh70dqj8f7yqcvgyhoiqewmc9f1au038d65ii6pa4,0.82
491,0xzt58oar0qzz0hknmkly4ct9si2mu3fq8w6x7ykvv,0.84
492,0xcmssgha21otjpb75m9sqaly8bgwzj0fr1yfyr5zd,0.47
493,0xpj8224jgiwnp93zkxpiayhhzbwuy5kx3qceacmst,0.62
494,0xpkm26vjhh3ok1ars9zmb6e9diif7tcrfd5cxj8gg,0.72
495,0x0kbk3lj455b6mowtgzfn4v9tmcqhbnqvlxfdvix2,0.92
496,0xr72o1k35hnwc4slxwr3lxz8iv9bjdqqyshdfp2jg,0.44
497,0x9y21swr06ke72hc47lp9fdmmi2qqti4yiljwgzge,0.59
498,0xd38lzcwnizyg00r56grukwhy1m7tmb9p61ev1zpf,0.77
499,0xyvudt0tkundsp35lpgoc5jmhe822vmcqjfak124s,0.58
500,0xdpyzlu7tm9wdba6vcnc97hch8y31f3rm8h2wisfa,0.63
501,0xasoz200kgex6u4eod2wql2kihfr7x9c5t49gwv1k,0.49
502,0x5aoz8fgl8m6paii5bpwy4fqzm6nhsyg3ovnrs0dd,0.45
503,0xovwatiltq19nax4zxzjh1f2cgw3jljqiwqpn76sv,0.52
504,0x4d9bxo4ofs6t91v2cy8rzdler2nyr6xo1pgvgnsm,0.81
505,0xrmhies7mvy6tybugqxz73dkv48ie6nqf7ck1lfjp,0.92
506,0xf2pgl7tkv9mlye6w08ewygadetnxuh4b8orzcu1f,0.82
507,0xs83djrvr9kdultes7160gxwnzhap81y09mf56faq,0.67
508,0x3loyoh5qkcyvmszm212od278i78evmg7waxtn1ns,0.47
509,0xehsvq3i3fxanprj4xv9zx8jeuj4uli9zbwdk4ltt,0.89
510,0xvcrqbxgkfuy3m4mn766sjyvq72tj8z4olsnpd4ak,0.78
511,0xe210s7ar2o8emv11yilkbe743zdtontc8qi4jgip,0.69
512,0xkbj6umgo0a4d8m1x1afta5quzqgd3p12fhb3j7m6,0.69
513,0xs2ffwb0126zp9053es8txhb5grmv43a7iankdpbo,0.45
514,0x0b5fz2hg6ujlhfsnsl487crv6nm9ivqd5md2pxji,0.53
515,0x3w1pqreyfmajzwxp7ivohjticny6v13dbdw5murg,0.83
516,0x21q7v1unot02dfp6pzil3lim3afsu9gzrvjgbis9,0.36
517,0x0tbsghpsk4mkxx5ah23dvus6k32rzqwwcudujmq7,0.46
518,0x21wndb8e7h3xzkey5r698xupvschmuc61fmn24oo,0.91
519,0xtczr7gqvrk0nk9zlw31ltpgiqaj8045koh12ix6c,0.25
520,0x3us0y7b6pwa0uy4hq4f7oorcovkvk18hwrami48d,0.79
521,0x7yh3mdxfbj4pgiw9pi53gc6n6avdtjnohokxs9gs,0.8
522,0x9fna3ruiexbkiyp123dj4wvdl3yggaezas6prqxm,0.93
523,0xl8ba5ckghdnqry98j2gm1xfa6pmadqg8b01othz2,0.96
524,0x2fok1v90snyg4i8n47swm2bi7txhj6amw3x4kodb,0.49
525,0xx9qb7h0o48fnbpwhd5zqjy3amm3g0rvh7v7x9wx5,0.99
526,0x2ldkc5hb2akmng8j19wtoc1hjb4musxsrv6p6t7a,0.44
527,0x1t3dxe6o32mp0dw4kpx01pf5e4zrw82y98eqadsk,0.84
528,0x9mzx2vkptou7ncb1sc4koqh8duajw1d5n0ly9a63,0.37
529,0xje6fdq8bv50o43grlf6z7hcwzmjby1n4p0cfxm9w,0.55
530,0x04hbnn9hf2r6megc8ult87vvo0zkg3kmke47vt3q,0.42
531,0xgy2i7a4m5e20jg6itzqczr35w56uc2v37t90pxw3,0.5
532,0xht53cufszndl308bzhd1fea7owtv2bci9ri58jgy,0.38
533,0x3vou3qkyrvma69fs2ol89s5czemi3i4help4dprw,0.93
534,0xh5i5pqvkwgz57cnrsxv81z9homq4dnpseymb0war,0.35
535,0xpynl0jwf19t6x17e58czuaadwv5ij8rtyg3xtmxp,0.29
536,0x1ta9ayh5xt4pwh9qujd232gwubbm6mnscsr9eixp,0.5
537,0xns2wrp488uvwjaf95x07kj9u16fv7qmbqkn8lxje,0.97
538,0x9nhtzymhyfqpjkeesa5wwpay6vvnab4s1kob54dc,0.58
539,0xo79u35xt4s6r898fmphdz2bjfgqa13i1ft5nu7yh,0.89
540,0x62vu5ze2lv8bs3zury3bvklgtij51ngdoqtycffm,0.85
541,0xid81o0rdgxj88bjnrfa17e6foz6p3m22tve5lacb,0.81
542,0xh80tfwob53a0d9i6s24lchuvzrdov2t4kwumarln,0.83
543,0xk8p9sgyjy2xnahn63toizx4schiftbmjeb4qlooy,0.5
544,0x6o786bpz8qgxxiybmpge590andbuv5m3ht4k1s1e,0.27
545,0xeky0f8289nbi2hb5w9c156i6pd3xumrjx4mdqs2a,0.66
546,0x1w36r8uuz5zg24xmai76x915dg0d9yve6qph53q7,0.25
547,0xr5mthtgbevwer2oi94ysczilkcy07de5rbqylq73,0.3
548,0x6ywughqca39nrdm6vm8oihq6d4l1o71rf8yzv0l5,0.86
549,0xy0lupbfezw1xw1egt5rdyaofkv4sm8j7bkdjxuej,0.87
550,0xeq8lthyrbj4wp1hfuj04pw65dmc3z79g1rqmsacy,0.27
551,0xg3ejs8y5win52gi4k2ddxbo6ato9xechc7tlycg5,0.89
552,0x4ahmuza3027qfdjg5vbyuf0tvt31ctekkeq6f6sx,0.49
553,0xoyez9lytqup7d7mfmx0vo65rs5f8mahnv2vfo0ki,0.25
554,0xq0algk82b9pms04hj4lmvy7ti2qft3898fzyj3gi,0.58
555,0xkamy239618xo57qv7r2aiit4lyey82ghturjlwrd,0.76
556,0xied5upr7w004imgv5ul66f8a3zfqb59cjlbdut93,0.33
557,0xzr7qoc6nvxq67kt45axgwiaqcw27c38m48rwpgar,0.44
558,0x6f75mac4np635mbh2o0urhfirqws9iabcz1kdzdw,0.37
559,0xtpfnj2vu94i6wgmadzlvqeekjzu1gjzlcotvrlpq,0.9
560,0xqlprw3v3ey98mt0mep5brf7b9367uh04ogixjw2q,0.8
561,0x29qzgsk7yf70i4hr3jwrpwfah6tuo83m16ivuzsy,0.31
562,0xnlhh0kdv9aq9jo62mc1aovjzzst5qpk5rnef7avd,0.93
563,0xalu8ksarldvjyg3smwo1zg251wnhkmpb5v0jo3em,0.95
564,0xm56ngbcwdrletfd7kj2vjyfa03muuzeb1ghwuqf0,0.55
565,0xk8lqt3q9zi9yx26nwrsmoyj8sgrtpazhp08ylii3,0.76
566,0xujx1dfbcz2to1prqb07gsoinw9vrdtnlq9g382b0,0.27
567,0x4azcy79hpdkh7zkexrbi8q1gf5jcyphbqr6ixvut,0.25
568,0x54uzo1djdntykryv64x679rre8l5fgwjja4sexda,0.58
569,0xg9b53hqw5yoics2cf0tj7akm8u4970nvtwlbzxb3,0.83
570,0x7fcpujb8vdkq3y3w83s99uhvte9xkrzmr5oxawcn,0.62
571,0xemhdpv56ua1jgh7iyuymloa3y5hwo23c2qgrroi0,0.42
572,0xh9z88zpe9xvzy9xsbsmccnerwt44q156i6o63wwd,0.87
573,0xlk2vw4yilte6s5gu9hcm6e6utpbscbvfn14otd1x,0.65
574,0xunwmxah7tibxru8hqes8m9f66obol10k350wivvr,0.87
575,0x9e4hhs7xplq92y5jn8qvmut6ranfu0ofp3z8gjvm,0.71
576,0xt1xaec08wn9zvoz1si92d631hm40876t89qlpisp,0.97
577,0xpt8ayhkrpsljs261zqmwnf80uumh322ibsul5zdr,0.46
578,0xiytfglv7kzu2ron64wbxrqfy29s6xb7he0pn5odw,0.71
579,0xbwqjb6o8gman8pg21kr1wl3tk249ev9ayl5ej07u,0.74
580,0xgdqyokx04rl1300cntvdk25cz8gu59ak1zr4usno,0.69
581,0x8qz2elgfv1c0w2qxh4pvx67wd6j4xt5ye5gagi99,0.9
582,0xsa0v5zh9edf0dybw7zwlb6e3uqcbs2lso6xtlu45,0.52
583,0xg2ir4zm5me8xyv4gw0ytld7irqfsolnr7xd6m62u,0.96
584,0xw1ai7qmd0gjgjwjkxhyuz80a5d2wtl8cnf4st6ny,0.36
585,0xnkm32awiy16zf1byakxei4wjcv0z6uqyoet9h2pv,0.79
586,0xsvx9v5lq55q6vfhcd86zjxlwoizpi102h2rkw8o1,0.56
587,0xgstu38kldufn1567grr2d50ncwb00nj2tep8xm9v,0.84
588,0xg9qlgwrjsz4e8rc68z5krkzn62esbfiyc4579wo0,0.39
589,0xoty0fgrsqrk881lkrz20i93651hkctllf75ayedn,0.57
590,0x2vitn41y0h07pmseocou5k5eg3bibww8kd7917dx,0.67
591,0x2r7unmexu0hxta3z7br59d2oknvkzlfozpgidj74,0.49
592,0xxutgdalcjh8ysshv7cj6t6rd5ml59f4i905iu387,0.67
593,0xbrihj8sk3uz1cy745nduosqnct0ig6p0d5lybz93,0.73
594,0xk2if4w31vb69s45tpufkacmbzhqdn5ywa1c87pry,0.39
595,0x2nx18p4bnzw0h6viw459a32srydql78b5e2xc9um,0.69
596,0x0jsz835f3yms3eazj86995qaxu9dtlpm5lpevff8,0.43
597,0x8s2ymq9ukndu1iyry80zfxw6q6lpar6etgahj5n9,0.35
598,0xd4gtvsvzcc505p2ga2ib6f8s9lq8mj38wfho77xx,0.32
599,0x5b9knfegd4q2mi9x4ofh8frru80pczc65tdpre1n,0.37
600,0xjyxbc6dlm3gescozjfn441h31ua9jk49wo97nwmi,0.64
601,0x00kcran20ajg4g6hzot9to2oyayrqklmz89djsc6,0.73
602,0xm9rxqw48tw1lpsn9sjq7nikag5kt6z8s4oqoxbu7,0.55
603,0xpdmleyn0r1cjsusgzrlfn94uyadfxvo9j33pa54q,0.5
604,0xer9dq5hypos16pb65hfk3wrnuj72iqxaq1llxvdi,0.82
605,0xmsk5azr9kdk071ypuh5u92tl7f08hqdge4vn8z9w,0.3
606,0xbiv167xjwnu3lp5qim979kcg0nxyrjqt35shoxp1,0.75
607,0xi1sd2834fljetre2spw9pqn46rhaxl5tc0u3m06r,0.88
608,0xea32s25352rc66uw8aj9tkeqwj5dgtik3dpsreqg,0.52
609,0xnszbhtk4iy8ynpfxkvmd4ogx9v6e8ffx75rc379o,0.57
610,0x48o40ltzqro2a0qquam3hg8nlpwu97wkucj9ot4v,0.4
611,0xu4dqpve13d0tumx2nc8r79gwv6ehlqh7z0ugfj5j,0.46
612,0xq40vchlitwugbkef66y0joxx82t843c1k7lmynbs,0.77
613,0xvbq9rgq0posnhwxwivzqgcay0ilc4lkayjbfm52e,0.34
614,0xlvup0fdsfnhgvzbop97cyr6kerym90e50bhj4acb,0.42
615,0xv547rmohsvxzgfmpufy69cz6zq0q2e9dkk3jt8t7,0.57
616,0xt4oi9s5dgjblv7jvnquut642mg6i6e9y2qjpvkfk,0.49
617,0xuowheuwhq17l2qdynxr1bamic4rk703bnlrsg0iw,0.28
618,0x55pqwvtk3lkc99uz3hm48cki8gaodcejauxbnexv,0.34
619,0xa9lc5o383rm9dv655umoz1q64qzjq9pd0mwbnc41,0.78
620,0x7l6zg46743ujfinkqgobigax8xbjqld35hhc2ewn,0.43
621,0x3u690b3nqkdvvi882dpybcng56nf1z8jo1ktrpxr,0.72
622,0x9srrftw16mo20t10byzch8sknqe3gxwmjzxe7l26,0.28
623,0xozomjw8hsnbcuxxijati0d7xsw11wa0ys52gbnkp,0.68
624,0x4ykuq8a3i6yezcxr9t7ck2sxgvt43i0d1h83b5xl,0.32
625,0xixhhzg7t5mpy2pwkh1d84tnd7vb96soetqsxzx2v,0.4
626,0xjp135ckkwp91403u4g8e7cr4jt7ifu9mso869yqn,0.88
627,0x10ltcgby46n6knw8rr7moohgolwlmqzw9511x239,0.4
628,0x1rgkvacrztlsh413yfuxrnq3h4w63etijj2yopm1,0.67
629,0xm5wqu11fktdqzwtqt7j9ybmmilpbzuaykokgiig7,0.76
630,0xd8q4650x9b28wo3kgnigr4e1civu26twuh6joot2,0.65
631,0xg064m5jk7wf8pbaxzfsok5mihl6h7ice21uw1uys,0.87
632,0xvjjeysrg0i0molibzwkkupnl3u0zaemsrpi6f3b1,0.36
633,0xlz7td89vpocog43dou1mih2xq9htsn0p27k06c3r,0.61
634,0xr7kagy2mewjvfd402y9mvazk6ollq3o1bire5ceq,0.44
635,0xwh60ia31vby7i9e62lov5itppzkrw01md9qos2s4,0.26
636,0x5ziqong6izuhddpagf4yo9fb57bq9rklqjj16lmj,1
637,0xs6hbjo8570ih55ngkymbfeqqkz4gjukp21g4s3yt,0.92
638,0xqfp2ylh3u4rcg51qhzs9pt0m7tsdmpkxaatjux9r,0.46
639,0xonqu8hf3x1cs5kkkznu76sgqlyqgti50pexolvdi,0.64
640,0xogy95583vszqa12lte6b31p2rbhnbwuoam0uywai,0.5
641,0xvxbs6dwji0fxnlnzty1o5gwh3jb091qg7ujt68uh,0.8
642,0x70pfwgxunc1emr6q52rdonwp6zekasq4ixunfvrd,0.85
643,0xdu5uxblwyljqc661mud18dzmat2g7hg4cvzikno4,0.34
644,0x0dp5l9hvz2jayptjw6g2a8nvcs8hd37zexiy3o0f,0.29
645,0xrjx24muiwbmlp0i7gq6xxtwk98fb1yhced5ag07p,0.55
646,0x3a2d6l4ypbktnntwm9c8v804bdj34fc5clexfa6q,0.81
647,0xlo70kurbcqjvk9zwf9xi8jtx1ii2p89fvv26yzg7,0.85
648,0xbyjqah5nltemt2obi8kwrxusge0qk81zqv3th11v,0.92
649,0x0fzq8nfrpo0gtmb2uee19z5wuxhh2knb3mc28ay7,0.86
650,0x2he1w26osp5gb1mvxkjh93ransztymzkgsgx8td7,0.33
651,0xqfn2ygjgc1y4oohra2zo9qtjuy3h39t3r4kbg90r,0.94
652,0xywslwqzemdi3cg5culgjeupav49bf03a298oogup,0.25
653,0xb0537lzkrtmxo5yuduh79omsa9rwlvicft2zi8gv,0.48
654,0xo1pv0mp6k3sp6ewz8fav98do78fhct00yleho9cm,0.74
655,0xqs5hg3z7ulx7kk6yv6qci4gojc6bfdkxar5no4v1,0.6
656,0xutalgj5kl60zyde8eibggjbx7si6nuh2kmrsp1vx,0.81
657,0x4v08ctqnopz2ma3b4utg8s1fhoc9xzdye1lrkx5n,0.5
658,0xu9abm3dcmu2i8c34wwfyuqd6g92ajv6k0697fr8k,0.3
659,0xpsl3j3mayh1tueesziccbd1o7nc7e5vixp4gvtqs,0.74
660,0xuwi7rcs8631il4t1w5xjhsk5x0kz8sgmbeiez2um,0.97
661,0xhzxrdjbfjpmnrty260ksx04wqlcpg3gz8av0hts9,0.26
662,0xzea20tb870cunglw6nz1kd8fpdo3uxw0g5f6y2d5,0.71
663,0xfdneyxnnvksih0p5uuvj6c5xga1dpbwk6iofb98v,0.54
664,0x79lu3j8pbt4i250nvuyq0fxl248avu1w18ppogte,0.57
665,0xcdbniutl0tzpemj7ky40oqg8rnedsp71u4nlgmyx,0.72
666,0x96ocshocrpw4022eqvd9iv0r044txjw1jvhjykrl,0.65
667,0xc3k98ywvk73qunfx0b2ea1i7frd5a5ujnwwmborr,0.48
668,0xuozu9fip85cy67arc0d3tsowgzoqhwbfikxqp6mt,0.65
669,0x30s2gs9n0onq4kyfv6zwwrm9jc7jb5i685lxchth,0.43
670,0x3wa9yzybwq36glb0kz7stik65t84czfagqo6119u,0.82
671,0x5qrgi1fp7nyxatm4kvsewn3e0majlu8dmkxbejy9,1
672,0xo2q76iaygfgx1435m9h2ulyj4833ikwdbi0hdt17,0.65
673,0xrvbrbkxqm0c1it3llcuhgjihzj69smav8fn2w6t4,0.29
674,0xn6gk0bruacakyg38kpdxsrmjnvcetibrzhf3onqh,0.96
675,0xw48j97txlugjfebki5izgmz6vqwr72y4dap9x8ou,0.75
676,0xfaml4g21j1vuwlkbm0rdb6nthkxtz34v1h3xpzeg,0.35
677,0xux28r8gomerfsv01zw2dkdqjp4iwuz5edk6079ot,0.4
678,0x7hunih1xerd58ik4nrai492x90gfjjyca6bur3b9,0.51
679,0x0mur7i8n4y3pvix7wbfh2cynbg2just95il5ea5l,0.31
680,0x4dc7kswzvqtnce8v4on2mi6k7zcyjp30xd8oq2h9,0.93
681,0x35w6x8noi28z2lr30t1bgegbdzhwu0lj92vkvoo1,0.78
682,0xz2nfnyun0bl9738lqmrb53pyhg6mtjvazje6e74e,0.33
683,0xtgd5tldh4f8pwbaq1sfb9d4wrur0p0an1ymilfe8,0.87
684,0xc0j7xiydf0q5q182xzfrjz38ogxuvb676q5o4bkl,0.26
685,0x4lj0x7b1ajsga38htkc6mw7yitunbtopgi3n1h08,0.33
686,0xo1qfcn2j32v8xbyutqawl85hmub6z7skvr4iwxtc,0.58
687,0x8uxuwjrohwk625j8gh3jgtzfdasgbvds3s9zyani,0.51
688,0xkjzsa60ezdpmiryp0qof4j1l4mlfrun60mrf5dke,0.75
689,0xs1uj9v3n5hbax1q60kxf7p98wlkeaze3tlihitlc,0.91
690,0xrxpj1yuoc4my70uz258slh6xjr819w3jbqyqtl17,0.34
691,0xtnbc7y4emdchfwbgbvqd3jzrspkoffk3q5ahsaxg,0.87
692,0xx256c40wy7x3qogenhtkrl348hrjiubndlvpeqng,0.35
693,0xevpjhtj3xnmk50tgs2xy381oigr8az6cnqzkil8u,0.92
694,0xsl0g0qvv898zpkouhep5xfz3jcw2mtccmyya7bfd,0.35
695,0x7ak7uny7lpfsiokmewumvjnt0d6vgzvyxbs81edb,0.47
696,0xinczeb8k51aulqnvy4vz6590utsok0jbmwi64o96,0.95
697,0xc6uw174ol2zc7itf3w95hywn03tl80v2rgu75o1v,0.78
698,0x8sq9acak7fbo64psqyqru2lzi86f3wdha4hywvxn,0.27
699,0x6slvewoo7p8rp9na2z8nss4jkb1c8iu5lrw7bveq,0.51
700,0x1tf26bmdaodkni3qj8l3o8hyrcn8msil7x37jcqx,0.67
701,0xwl9262depgad81h13bzmsar7xte039cymwjt4xt6,0.65
702,0xlu2ymmf6s2gql4gzzi1y586iuw0z9pdtqd1iex0p,0.64
703,0xc6zdu9jgfzsmga9j4p31nhkmsotubn01i2nh4wxl,0.4
704,0xl7h8sh1wya3hara578imcenyurrzyun36dtqs4f9,0.31
705,0xx1i2wachb3baz6zm96gp68rndaukewdkvl72u5xi,0.61
706,0xil6ku5xlpe4jbv2ynto6v0z4harnu9fbx915qqea,0.56
707,0xbvbyblwj57xgp4s36ho4cu0oqua3ekgfuf5i74we,0.33
708,0x1cp0rt39bmxt2m8fxzj8q67aidcfro42gyrslven,0.59
709,0x43p2o60b5yquhinnqmq1zd567vwplrg3ge8xascj,0.54
710,0xdchj8h8xzy05su7kw2bdk32iwbmms2ptjrevwtr4,0.47
711,0x3q8oingv47nawc51dyfgh1o5cahqzjprpm43y71d,0.9
712,0x1idngbqpsg15sjlbv5vplkq84a46mf3rs7bog2c9,0.86
713,0xz2byq1ohxbt0kzhjswvwlfca4572n93xau4w9chn,0.9
714,0xe8cbbsj7hgtu9o0zz7q64xyhwjld5ccwe2tusikn,0.52
715,0xo06k5wwt1c29rkepf7bb6vqsmcg274bhy47qtgp5,0.95
716,0xzrcaewjpcj75bq2w39mksl6mfht9itzu0na0tj1q,0.65
717,0xvnu7zprxbrco3gsnxqim4dblvq3gtoy67ajziee0,1
718,0x4oha3v4tdqtnp5oqbfvco8lgme2fb9k97mqrsdi7,0.35
719,0xvxsq1fdulygafyg8w5vodtt5bjhkj80f24i1kzdo,0.95
720,0x59plgc1yjf7wykse6u50i4muagxs19tvnz3mt2o6,0.96
721,0xsqbybwsidt7x35z75jvla226u801vn6gn1nz43pe,0.83
722,0x2ysnesod7tzek6q1oct5wh3m9g145iqxub8f80d0,0.88
723,0xlba7zrw3dmgsvtz2sawlfjezpu1ob83w85kkfpl9,0.33
724,0xzqlsingpre732jk09lyi0vqgba6zludga14d9dw5,0.99
725,0xwdp5m6hk938k5o6ayxfgs9s9hiu3wxvpnccmqtvx,0.45
726,0xu5cq48hl013mxt5zbzjmyk2861li9kyueggnfwdr,0.96
727,0xxjvl4ygo02ucp51f0diru6a56q6fx8yrseh9jadt,0.52
728,0xuyf5kj62r89o4neaijwd7gpx0e3ilvczh1qxk8v4,0.32
729,0x79se1u3icv6r07splkobweyqsy4gmlrza5und0th,0.29
730,0xdw452f1v3gz8y9se4closcbn1p8nnkyck7vzldqu,0.83
731,0xhaejkqz9j3gmm6cri2qqvnbo0yau1tr3cha5w7ep,0.58
732,0xau5d5r0lcxq3wfiw8ju5cyzaj7xzshmn1ew0v4kb,0.34
733,0xm4hmgbeu660cp7215sknjicgj4sdk3eu7wx5d4ay,0.46
734,0x5n7g5aq4i3tdqu8jhm010yssownzx56brbuzya8q,0.43
735,0xsx48einsmylw1gk4hzvj7qdgk53oxfh059b0tv16,0.31
736,0xvh5da5ll0hcchjlraoc1wg8x561tz3i30jbbkufu,0.65
737,0xgg8rjx4b3r5i76ej34sbtflvq30epsa29w2ccxlx,0.85
738,0xt7kzirj81nrfu8psom1zwqpribisl3baulfvunhy,0.53
739,0xyq4th9aq4tgpprcl3pkd0e0247wza2le538fikbq,0.55
740,0x3pnrqlyaifg806ryzmufbxox5kdzb1wm8hslptvo,0.36
741,0xyisak1trnite6kubjcj200gnc2m10fj4h7uae943,0.35
742,0xhdab03fjhv7dur6jqy3qo7hg4mbpowxkmazq5xiz,0.6
743,0xkid7zoxsfyftye8d5qahlwxk14ijmr9rrctuynja,0.42
744,0xo743zyhjaiik0wa8so9949nxndv8g2h6rrst4exb,1
745,0xh0qpmdinl3vqdptparha0473bx1jty0il5rgf8z4,0.34
746,0xkyno1q2u51x75gepr1h6utpi4zkgptxa3shvfc3d,0.89
747,0xc1x59tn2hzeomakjjq43y7mtowim7wxua6tyqdgs,0.89
748,0x4z6pbpcci5xed8w58f41n0j83jyibdtzs2fuz4r1,0.81
749,0x7e7blzozrzcasgrw3jxcdww4i9a105n3235c98fv,0.78
750,0xwnzopnmv4mykusqmulze2g4tfv56aucbxdf279qo,0.62
751,0xhop61mngak6rjl3vrqiun0hvtyebysu9xavljsfd,0.97
752,0xnclqf50p724bg3md8ymsxjrvxuehblfguhs6qay9,0.83
753,0xxoul5hwaeqvj4qk7zx8hl5mtdpr3b3co9jmr6b7u,0.66
754,0xndiwr10rc4asxephg5l4ugq1oadkkv066ms071wd,1
755,0x1j5waobi808dqf3kcomcroy6h2isel53wd9uqygf,0.29
756,0xdye7lq4wc35th1dognj7caiirmz80an362kewsbl,0.87
757,0xocror1j6vga61vqy4s99ctmi3k9pw7l8jnz7hcy5,0.49
758,0xnq1ewluicjbebv9l0cms90jkui8gsjkclvor32t4,0.87
759,0xi5g0edhinkl7dzsclhufwyzyo0dr2pk7rebco3ep,1
760,0xbp6s4qrkb4x3kod1i3v7ac71mvz0nx7psjiqb0vn,0.44
761,0x0gb3cmbktiy6a2ky1ur3da87vnojswe0q8w2erix,0.36
762,0xpflg8pbp394to75jec0doga17uhn3zksrmeh4n2s,0.47
763,0xaq1w0anvc7i4phs2erub6ky46nkdy1sh6l572ge2,0.31
764,0xualceedykt0282dbg3c95nq5y450pkn9w3i6ogfi,0.29
765,0x07uqdd5oajuhbe259gzjntml3lraces8iriuhbc0,0.3
766,0xs1alp44knf950sfrnqvyh133chkij1vchwy3bxas,0.27
767,0xag8ckb01mm22riqphu6a6kne9voyxfwceju1d57l,0.47
768,0xu5u86vjksi5x1eda3kdce9rkjjnml9nurp7i5yzv,0.5
769,0x5tf97knz7vfsllv9zgojtcwty3j4dq4cucwa1dev,0.77
770,0xb9n3oc3vuyex7lbxqkhgkod578yzluiv30wcmbhp,0.94
771,0xtaj9x9p5uskoa4rnmgevihjug8460d60blhovym6,0.75
772,0xw8w5ta1ord4570bpph7vi5dnbyefijekj6kq6xz0,0.96
773,0xrpccwjz3m2zmva329vek0k45gby57zhkcdwqbl1i,0.34
774,0xwz8fbu4hi18c0b6i5zdm8k0j91exudntym2la5aa,0.37
775,0xmd0p0tsgkx4z6h4ja0ngohsekncul8iebrwoo284,0.6
776,0x1fslaowt7tt087irj39qvn1fc6zlebcmv1gujkeo,0.89
777,0xgvu1l5udb0n67ctqbi9a1pqte04mw2mzsfy33jcg,0.84
778,0xiso54wjhgzwkmjbsvmaomf238rvcezc6i4fqd9nq,0.56
779,0xvjcfbxk9wor0ixdzpaj66kh14024jdyx36vqm27b,0.34
780,0xana9c9fct7o1c6siupb8w7v5rhyo34jyb9mx84en,0.34
781,0x3yvaofvnwisqppkm5lkeo4cgqnx72d8pwu1z84ik,0.56
782,0xb3ton7jai4rm0nre1g1se6fuw9qytx59ik8h5ayl,0.32
783,0xrsnehpi2ezrj3w5th7q1fy7ahsqfe0kiad0dd8mc,0.85
784,0xkk5akn2qbm59q83ucpsf9isuiwxye3awmh10yjo9,0.58
785,0xt3chdryjky72qzw4rffljwn8ze1cfw3u9xop67pn,0.94
786,0x1hofexlcq3ktq4ykmga7bumr6ybw0f5phz7gnx9t,1
787,0xd5g6cgi5junlpt8bykoz1jp2u5pxa47coq207l48,0.97
788,0x0oywychvp6m8hgiuorng7d5f9c3qrzvllu53qame,0.69
789,0xaqdl1vz7gouww8in0wr2kob6kd0rpimfephyut62,0.88
790,0x45g8ztuteupisjpgk8haqslmufgvlbkbdxerypy6,0.65
791,0x39f1xfilwtc1chngkpvkzb6jorlr5yrwp1dfynaq,0.94
792,0xpks6d3nne79tjafbp4n6ciqvmo8zrmi1yj8e5l9h,0.35
793,0xkjuato3regv54knqsly1v48q2efijfw9xim0xou3,0.53
794,0xkdkvxiqezhcyirj4cy5su8q4bw1cxhpzrybum6i3,1
795,0xxczk11d7a6rok2wdpvkedbmuejigplsnvq3atnrf,0.8
796,0x7t7rgqexk9hnoouc1sqyv6hamnxswa8fl1f03lg8,0.27
797,0x759ipu6dhmol3g8ljparwqvebjkfeb1ef0dct54n,0.75
798,0xyjn9v14reznww9urk0825urqfahtlbmvdq0cs5oe,0.91
799,0xukme5u0s63sg8oo4nrdm7r2szuytiaxwzjov25lh,0.97
800,0xy859813atw02gezoabvf2lp1xif9xnnteeskg6v5,0.8
801,0x2kr6a3jj5vifltvwfbg0hgklibs1su9x24ddxcxd,0.34
802,0xbyx7asnkvuxfkzda08jwreorcfsr601qm8id4g5s,0.85
803,0xqpgfdm4cdxpt6yu16soh2t2naqoz8vx0t8kuouzv,0.94
804,0xzlyhcknoejd0jn6qrq9f0dugvp2xtsjf7v3whg89,0.95
805,0xqq7lbmy670w5huji1bng3s8vckf4mge1nxzwp804,0.79
806,0xjsn8kpqnaze3gf0ro8f3fd4gp7hdsceu0i21xotk,0.48
807,0xkkeo93axejgvuyx2wf0lupgo28ec4nkfc6to2mwx,0.89
808,0xgod2nmi434zuu8bchtisywaev60g6y5leo3iq0q7,0.98
809,0xek579i4icqcd5pwv33d7vrussm26nn82qeh2yxj8,0.39
810,0xdfrcslg847ljfpz4l0aux9mkiz5qcetsyxbqrwov,0.91
811,0xczimrt3lv0hnzsg5lba5c8x6xdiykryw743vgouh,0.88
812,0xdz70v23hf6sio0qcep4xhzxzaueb25643sg3nw8l,0.39
813,0xd64veslfcf9jw6z8tnkbr3mqirw8mbteig10cha9,0.46
814,0xg5pxnexnwmqoy1zcx1kkvb3h53s078t9fbu8pqvm,0.72
815,0x3o0xdryhgima2unhuxlbyv14v8n378c5kdar62dt,0.36
816,0xdv1j6hcug8a7xqz5dufx22kt1bl64rkp6qpesbs5,0.58
817,0xc02et9r0divaemt905hgodwyjfugyzd6xw7s9h1k,0.84
818,0xnhbjgt8hwc3efsgof51neq397bsl6l32nz062yvc,0.82
819,0xw6giacgt5kvi7jp7cc2n41od0fjf1wp9mvb3wp5g,0.49
820,0xnx1lda5ycip8tq7jxqz63z4lua91afgg72otbe4m,0.38
821,0xs605ogqpkwv3dnp272gx69btzi9tg81c0sv1f8j2,0.47
822,0xb42lyupp73b1w1vhtuohd1z76jf0ejn3pcxrybia,0.82
823,0xlrhoh3lbn2ssti6a2ncjq6a3e3u08yxyfkzt4mvp,0.65
824,0xc6apinm6zogyearwqd7ngx0x3r6fh47qs82isjkv,0.53
825,0x0ig7mbzkue85yqv8mapntdll7xawye90hxj615gf,0.85
826,0xyqbhuhndksge66t9p0l01gz3lp7ial29noqjkezr,0.34
827,0xqsw1hync6nz53gq5m8k2itj69req9cs8ro4zjuud,0.95
828,0xnzwwe9o90ax267cpes52g410uikygm72uvpsr8vz,0.52
829,0xtgvtd6zq7akpyc362i5kvnfznw0wv0f3mlu7gdkf,0.42
830,0xfe202dk47vta9382mn758owmq3spykrf6hj5g4oc,0.99
831,0xit5y0bs7gedk4yesv0e893us14rb9pl5hox982pn,0.34
832,0xyv1byexj5hn1h363x8oiadzscpfdgm9xj8gymcr7,0.89
833,0x1cbbzoipok1m0tqpn6rdf5a4s14cy3lfaz0pojmh,0.86
834,0xd9qwcq0x9bwv2z3l8wal5et7r9g4z61nj4b2t1mi,0.53
835,0xrhs0m54bzlz21joyd8oq9p5fnb0sfyuplg9hsm51,0.78
836,0xrab2h6i8n4ema832tbnpvmc97lsjfev5ug2qqirp,0.63
837,0xoeusq7pj3khzyc9jaey0wgixw2ful3qv7mi6cnus,0.9
838,0xkab275p6zffg61h8si7k05qnu0wwa2h7w4au1rse,0.42
839,0xpp1gur54lgqx1d9zrsh9umald0so5wbhoikql7k7,0.73
840,0xvk430al8d9sndy1m75cpa65go2r0ebokjffz9eox,0.95
841,0x8o72bfb4p2h70uxdo46589wm23zelyp6h1fsgg5l,0.92
842,0xu68gjpky7qgdsp3bgchm91bx9aacrh8xknnd0say,0.69
843,0x685xq4qmxk73ypwdhzyvlfct11gu90cq4et0jirh,0.53
844,0x3i65jjonx5qfyjfhewm34k8npcdmob2xgzk1dy7a,0.25
845,0xu3xev0lp1ia7vlf84ylsy2wij690jvbqkfxd4zbe,0.48
846,0xguaq2xbo25mpq08wuhk3534f7srvddpfck1lrpfm,0.61
847,0xc76idzercw2fg6uijiuadx0jbtngqlyxgp5h7e19,0.42
848,0xdp1i2gfufsam7cdy03l3r7e6j3wio9usn4h1zmyb,0.88
849,0xri95w8c5embr0tu09b1vlr6yhagpsjankdxmx43o,0.32
850,0xluenji6cru9zzyttv4sbxc0iabo70f5lfxd4ewvx,0.71
851,0x01sry86lu0aeoyzl1q6ehtg8kzcwsopaljiwk8bm,0.56
852,0xny6bqsc6x3nuolugxvrq549vj4yj8ksp7n5wte2w,0.51
853,0xccib1radfdgmazu9j8zepnwl22kshx8xitx00bv4,0.82
854,0x62cm51l3g3ivc1fpysgkiw92xuk4v78bqyejsxtl,0.63
855,0xbp6os7c3vyyn55f36csrqh270wagymlc0w1ppvne,0.44
856,0x6m9u2t8bmprkqho8wclmtywcfjhqrsnl4sdh0kz4,0.83
857,0x4cfege1ds1x2wl25pithk6tmgpvf7wij9ylekxhy,0.89
858,0x4mmw99k6a2d0d4cyo4z7s6ql0d0jgt3ecypnurct,0.39
859,0xsspb4zrm1v6ilocneurbfq1xkasx685djtd0pt45,0.84
860,0xm1yer75yf10a39czctuvbnwvwukjdlkxous72gdv,0.27
861,0xqszvxgrivtizqo750pujabew1y7f3zv43wrbnrpd,0.67
862,0xlr8btzex5hehwvbk9srwi4cvnqmqos7yfj72e63d,0.74
863,0xkyjmqz0mrn0zfgffcj6y6kvuqn31wdr2gdv5mt92,0.71
864,0xdf170u9dwaxyhq9imlng9640j8i6ctd3rlq2tk8p,0.49
865,0xn48xvglezcpfd3bw8aoka5yxjre2is6zry53d72z,0.75
866,0xyaedul5oh0o14ebsmyf98jnbe16c33hdw8lvzajg,0.58
867,0xts4a5f4l8gabpp0qye2wa90lgk1px97ic1vw2uw5,0.97
868,0xa7n9hfe3lyd4jzcf5mtxsv5zgt3emeqibcwz7k3w,0.87
869,0x92gjax55n4vxd0fygajei0woene8fyu9c7zolbtj,0.84
870,0xs8q4gpzntqo62ywguue7mawho3cncld4y8dhr6zf,0.25
871,0xa9r5rl614dpg1hivqumk8z43yk8nw0ec77pmjw4u,0.47
872,0xh9gzh4paukyn7dz7o3v9lsiyvebmntdwksr3a927,0.93
873,0xhfwzca9kugyi24mdz403cvoqmef67nbxx9psin15,0.28
874,0xy5eu09rkjamdvr4vwpx7i2b28n21eqsfy7ztmoy7,0.63
875,0xqe2z1tg73vceo0qpl6ywb58it2kkig9xfxus8s01,0.71
876,0xchrxmuusr5day0bo8qamdvew9qn5zjoix9lgb9r1,0.25
877,0x7hso786y38qmt165kpe89b0rtwraigmqylxv04j2,0.44
878,0x2jydlw0mhxx8xdpck67zzm0htvrti38537aups28,0.78
879,0x8ltpsmc2pzd37ild9ds6nn69hbyv1r7yex8z0z5r,0.25
880,0xrykw1mph2hmxs3ydl6des0q5cie8fjz9iv9hitgf,0.27
881,0x05h0vele6ugjx85yv327umd2q1pmx4krinzikwwp,0.97
882,0xqpdvfmx2r3srq7cbbignj5fgvs1w2xknv6kh19a9,0.99
883,0xar1ib2s8yghwk5pjcuin200clehz3956sue6mtw1,0.96
884,0xvjcgyv89zs7ayu0no0lij3xp1mh4mj9edbifov0k,0.55
885,0xh17ba9o4ng4rmbrdwqhm0silsxrk68xda2x800ao,0.83
886,0xog550w8dz912fcl3mdgkx20ysaujtc16vmejub2p,0.45
887,0xfg8t9ce349k62kiwtroncjplpm8dv0vlssfuh15f,0.45
888,0xnwc6vcdkmda1rqi9pdifwe58u8klox0tk63lysbj,0.3
889,0xcwvq2pig1f0lrth29tuukwmygosbipxxivaajdr8,0.36
890,0x2sg6kmtfq9k2ye8d1upff6msy3gccrvdkhu54jo8,0.77
891,0xnxb7uwu739lxw8fkse673ywz6sam5jcqi9sx3bmc,0.28
892,0xz2ielrs5pa1mq2scd6vdynwvese96ybtcng2iaq6,0.77
893,0x4t8dmrv1h8qs0rnggluirz3bjkhaow8f9fzmyqpd,0.72
894,0x2bwq1x9rtmusvtvmxls47axe6y53g5naz1fwhuah,0.68
895,0xtls1bj4a2fmre3qqyd73dymwbpgpjct4d45kwt09,0.84
896,0xomxyz6rt58425avqmvevh4rsg1snnfw4krjyuipl,0.57
897,0xcshjm204b8iud0l17sag4qd12bwavf2qqnpxl5rt,0.89
898,0xq0jj5zmqklfnmdlvc2aequ6zwnv0jl9rghtdrete,0.7
899,0x5rh05uckq2zgqmfnxuygj7nrb469y1eiv2cdm6oq,0.6
900,0xpr4s8fs0c8343izw2c94gk0vz5coyhx11k7z3pwa,0.61
901,0xt91ljgfedwlina7rwn665iyfoy0mvwdg1882v7u3,0.52
902,0xysv1ludcgbbe4axy8aprrg5ol9j15pfjutahrqh0,0.97
903,0x4w3rtgzx2oez4af26j4ixbaveiutjdmao30nmzxf,0.73
904,0xg1fy6iifgtuwmkpq7a6bb7xedx8ipr903qrw2gnr,0.96
905,0xw8t9fzwn3rl2zf0r7vl5tk9p4cr8u0d02ox8m5py,0.64
906,0xq5u73xrqhm00jfbn170wval4o6enery853gd4sic,0.98
907,0xjtfqaxaue0v8ijfkmvw93zxwlz163ynldeo0qbc8,0.98
908,0x7pacuxs255dx91dvwm9q8o7tsb7neyjqng91hykc,0.25
909,0xw1zrglr3ebriogyt29m5fgcqd62u7cnwklmd08f0,0.9
910,0xktk9fh38cfzw5ms13ywmse7cevri4oabmi2f8lyg,0.94
911,0x0vpvilrzja3ry3y1tvlnbqgd7eukogb2acf5uzf8,0.61
912,0xi67cxlwwf18p8u4dtcvligdfg6xh1uao7by9ikzy,0.46
913,0x5t409q2iv9nrjp3rupalj9b74etrgz7o1w6d483z,0.84
914,0xfkkkanqn192dpdbmwmg78feii29zc0qur54xjvsf,0.33
915,0xb7haiylbmi6ecjjh75dng0vzz5uft32ksl74cuw0,0.86
916,0x7xf2uieo3tcq97j6zw2uas7lajhdf8ko9z0rylvs,0.42
917,0xi694y56g29kd8lrznvhcsyif3med0twcgwuizm7v,0.49
918,0x1cxlt83jm0qhjrsug60ebiotd94hrlxcsv20uoey,0.88
919,0x00bgxta6zfhurcd2z2ls2sab1t84r4oi1n3gufxt,0.31
920,0x7xo5ftkc9us4rzajcq7h31ndu8m4yzmgtqu8422d,0.67
921,0xt6kbxdhpjx3wnh67u3vyip52812iglwakjvtr041,0.71
922,0xi11thrc6fee1jzn228z6d35uxvl59ret58nmxuqv,0.77
923,0xy1n3q7a0rq822lobc8tmfui91jfkg5e4dezkcab4,0.57
924,0xiwx1uz39n2q469m4k8g5guvqvo61pzkpllus0na8,0.46
925,0xeaskwdv58jv0wp9tkdcmi2m5xxsbqy69n91flygo,0.98
926,0x01p1jl3xgi8x7gbsofr5kqampi3b59mruhjsxul7,0.41
927,0x61hdf0btkc5eu35qnzxkityccm7geyilgzosl9v1,0.57
928,0xwk9o5vqlyd6oj97i1pnakplxpzfi237fyme7rq8v,0.58
929,0xvwvnt82ywugerad18kbjvnfids0xafco14penh8t,0.75
930,0xgie9dp84h2w5gkzyycgetidxsr2l7h5ua0rez78i,0.62
931,0xyc2qyhewxv1xawqwmuin821hkjfv1l89d4s73u3a,0.3
932,0xpql9kr2wn5cr70w635vzelvxhgaadwq3hf21stbe,0.39
933,0xs6vt89uyc7ila0f8bx5pqvmn0yqn7mg1wgfuhbtd,0.69
934,0xopi0hvz80s1ouqxnuwrckfjde99tw1c05u8vnepk,0.25
935,0x9ckpqribvmx4it136eqa4r2dhneofrhh2lj0cjv6,0.37
936,0x9vkqx3mlav4gywftqulgsxh0dwn3i8d27j2k7s65,0.95
937,0x1ng60c3rlgp6w03b9ifnum8d2o7zgholadev1rnz,0.92
938,0xdc3msg95ibn7alpmyr9tqgif11pvjk4wnrf3it6m,0.35
939,0x6mnm8ukq2ht58g6qdynpyrbdwhckzwofesergpb7,0.6
940,0x85yedwfrninsna3xk3zcb77qfx4oo782h2v5gbvg,0.77
941,0x2zwpi6fghlpk044157acqk8zv0u6n8qjw9yrjofr,0.74
942,0x4vg22axmeohyuint9cob8axa03ql6wfwnungcijl,0.25
943,0xekmvn83ojfrbpudy40tu9n69ijtlo8wngqcmuvah,0.49
944,0xumi6dhdr6btph7vn41iub93bujyv3znilas6xokg,0.26
945,0xmmk69v7eeicznhnyzvgpd5st549yq1opy0dkb708,0.3
946,0x5zm08rp5bsjodvpdi3f57zl8r1tveyhjawmfp3yx,0.82
947,0xro2rxyjn9p8dwok5ds0nvgbancfvr74tixfc24ug,0.65
948,0xcvukt9v3oaar9cmftcqqlvxujzb2h3m02nwno1qw,0.93
949,0xmno54utl4dpqmzct1ahfphzvb7ubh8zc5b4ndqr2,0.93
950,0xpjte65yqj92i31260mwx7j5ul7i8o0eumo3pfgib,1
951,0xb01n9gfy32wn1td4copah28z7e6ovrhkka4yx667,0.39
952,0xpo2a70y4godixqiq95pntxvbreh2am8zaz1n15fl,0.93
953,0xnwo5d11t4m6tjz3xfw2l40zwv4kj6thp71q9riy5,0.85
954,0xfj3t5xepnadaikwoq3bpvh9box0i2e7wswztf418,0.48
955,0xd41uaceh3gdptcqar5hsqu3ogywij97evfxlyqkm,0.72
956,0xtoqoupazu4g0b3zjyaqop76uhrnl1gkd50iqma7i,0.97
957,0xy60lcksm71d39amvns08szdxq7wjlvfro92oitge,0.7
958,0x2lm991rtksq3bz4n66ucfgksa8z07rtlo8qrwc5t,0.49
959,0xmnae9ezbh5v4xhdqq3xjb9if5e0cwy6yoirkl8tm,0.28
960,0xg7lon652h7kr03aqj0cmlmuc219qi4ggc6jzi60h,0.97
961,0xrm86fqj3psq50vkuyxdvw1p9di50d4ngbl9j1oty,0.47
962,0xj8vk4hu1k09revoq20ptuygir9b73yj1l7f8dc2p,0.75
963,0xplcikwgucqeaefzrw1thuothj6xj7ymk7bsblicq,0.27
964,0xif3pkd1v4ov2shwlyw74av2pi71q8cmmzq76sdgm,0.51
965,0xjitw6rn5zkigvegzsuc8f6305olaqrnyzcerhj0w,0.62
966,0x17jo8ih0qui2aenvm5sz0q2xcbciarmrgk84fpax,0.76
967,0x9pezityc1tjlh0clv7x8rtueo6fzg9884bv02s9o,0.6
968,0xar6tx4e1x7yrcnfshlihfpkzvajk39576mbyew20,0.39
969,0x1h1j40888zcxbyecsm2k9jy2owsl0yr551dga649,0.86
970,0xif8yo3z4d07x8620sk86ve45fahgi2mwagtx5qmy,0.76
971,0x0bvsutt4bx7e2jr4czm0ar9qan0sq3m6xx7gcgy1,0.92
972,0xkevazr4fkcww1om0dlhgsukb2qv4a8einyf8oxcl,0.91
973,0xpvdqsgw3h7pkk1584ibu0rsi42afjxm93tz09cae,0.26
974,0xtxguir3if86cr1vtq3n29mzhn9jmaq5dcm6dwbyr,0.36
975,0xiomkdgxpjc20cbw3hw142v4pb88gha4kioekf5xr,0.35
976,0x3nb042a8v7ocwthiesrf6qdb8yggcj7vq56z4bo0,0.3
977,0xk3ocbpdi0ujp3dqxghl1c3o7i48nmsxkn7wf12my,1
978,0xmcnxt39mf26gdu5icab3ktzybchgeu1wwonrv9j7,0.89
979,0x51yr4ag971qstlshmokzpafff2kgtog63lu8djyv,0.75
980,0xx87drmi2cwhgfs0gb1ye2soimxlq59vjjnadd073,0.72
981,0xtjzsryth8277ov5znu6dfmimf6w7r3yqxbkx9ise,0.86
982,0x04j1tjwcog7av7gi4vusub87pycqt5hwradk0omb,0.38
983,0xu2id0x68l8wfsw6yx7oik4ba54wcp1kfhf6xavr2,0.58
984,0xm9ipbq8ak1jsed1855nx0ch7ymevo6g3a7j9iyc4,0.4
985,0xyr73bk4delv5eof52s6ujsdwc2ngth453xaafq78,0.51
986,0x2dhepxgtl1sjyvmqi2b8gx1x39fsacuw5uqvb26h,0.52
987,0xlzywtwqhtsydjuhqkd8p21gi5r6enr9kli5xcbfo,0.51
988,0xyc002xsbvmnoatmb20u97jlpezt3kqivyg7s7ieu,0.87
989,0xg4ei0vyiloaypjoec5w9jxafw15p0utubohbem4k,0.3
990,0xl33gitcauk2c27gr49crkz4wqo7mrdywkizqmiuj,0.69
991,0xhgsmr68vtfqbzip1v7w5i78n05uvjk312xmosupc,0.4
992,0xsz2i68myxaf29jymikceuaqxeskqyp9t0v8p4pcw,0.94
993,0xns24e9mdl5pn3fricseoknwq4g8hmxhiz1ya6rqf,0.82
994,0xh35xlbvrdsqa39smx52jr8pnbh8c97af40t08msq,0.43
995,0x7vaef1w6acy3u1ch5awr7zuz8etbhztpgncbq5di,0.52
996,0xv3ilogo2fs8s48ynxekfn3fsdtmzxcb0phx0z2lj,0.61
997,0xt7cmzeyhbipt4a4vxjk9a0fgvcwbnzubz5xr6q4s,0.68
998,0xq5j32u9wmu620liwspbgz97qg4cp528kqpe7nyoe,0.93
999,0x17xm6nksxvng5bt3jk6svqoelw21rfzx2tew2nmz,0.76
1000,0x5l8vzmzrjxv0kqcofgd639aqcbnmu03xhlcixvl1,0.84